episode,ckpt_index,env_id,num_ep_in_one_env,recovery_mode,recovery_certified,recovery_mean_recovery_certified,accepted_by_filter,recovery_mean_accepted_by_filter,filter_intervened,recovery_mean_filter_intervened,model_predicted_safe,recovery_mean_model_predicted_safe,selected_candidate_type,selected_lateral_target,recovery_mean_selected_lateral_target,selected_speed_target,recovery_mean_selected_speed_target,num_candidates,recovery_mean_num_candidates,num_hard_safe_candidates,recovery_mean_num_hard_safe_candidates,collision_free,recovery_mean_collision_free,boundary_safe,recovery_mean_boundary_safe,control_feasible,recovery_mean_control_feasible,rss_longitudinal_margin,rss_lateral_margin,rss_risk_score,recovery_mean_rss_risk_score,obstacle_margin_score,recovery_mean_obstacle_margin_score,boundary_margin_score,recovery_mean_boundary_margin_score,progress_score,recovery_mean_progress_score,deadlock_penalty,recovery_mean_deadlock_penalty,smoothness_score,recovery_mean_smoothness_score,nominal_deviation_score,recovery_mean_nominal_deviation_score,continuity_score,recovery_mean_continuity_score,terminal_recovery_score,recovery_mean_terminal_recovery_score,total_score,recovery_mean_total_score,fallback_reason,filter_time_ms,recovery_mean_filter_time_ms,frenet_valid,recovery_mean_frenet_valid,frenet_s,recovery_mean_frenet_s,frenet_l,recovery_mean_frenet_l,front_blocking_object_type,front_blocking_object_distance,left_space_available,recovery_mean_left_space_available,right_space_available,recovery_mean_right_space_available,ultra_light_gate_reason,ultra_light_gate_passed,recovery_mean_ultra_light_gate_passed,route_cache_hit,recovery_mean_route_cache_hit,route_build_time_ms,recovery_mean_route_build_time_ms,scene_parse_time_ms,recovery_mean_scene_parse_time_ms,candidate_eval_time_ms,recovery_mean_candidate_eval_time_ms,num_candidate_specs,recovery_mean_num_candidate_specs,num_early_rejected,recovery_mean_num_early_rejected,early_reject_reasons,selected_terminal_passed_blocker,recovery_mean_selected_terminal_passed_blocker,selected_terminal_recoverable,recovery_mean_selected_terminal_recoverable,blocker_left_gap,recovery_mean_blocker_left_gap,blocker_right_gap,recovery_mean_blocker_right_gap,raw_hard_safe,recovery_mean_raw_hard_safe,raw_collision_risk,recovery_mean_raw_collision_risk,raw_boundary_risk,recovery_mean_raw_boundary_risk,raw_deadlock_risk,recovery_mean_raw_deadlock_risk,raw_total_score,recovery_mean_raw_total_score,allow_intervention,recovery_mean_allow_intervention,intervention_reason,intervention_score_gain,recovery_mean_intervention_score_gain,filter_would_intervene,recovery_mean_filter_would_intervene,action_limited_by_raw_delta,recovery_mean_action_limited_by_raw_delta,safe_raw_steer_delta,recovery_mean_safe_raw_steer_delta,safe_raw_acc_delta,recovery_mean_safe_raw_acc_delta,vehicle_margin_min,recovery_mean_vehicle_margin_min,static_margin_min,boundary_margin_min,recovery_mean_boundary_margin_min,collision_hard_reject_count,recovery_mean_collision_hard_reject_count,severe_lateral_rss_reject_count,recovery_mean_severe_lateral_rss_reject_count,intervention_count_this_ep,recovery_mean_intervention_count_this_ep,debug_shadow_record,recovery_mean_debug_shadow_record,would_selected_candidate_type,would_safe_steer,recovery_mean_would_safe_steer,would_safe_acc,recovery_mean_would_safe_acc,recovery_num_steps,recovery_certified_rate,recovery_min_hard_safe_candidates,recovery_max_filter_time_ms,intervention_count,intervention_rate,intervention_reasons,mean_safe_raw_steer_delta,mean_safe_raw_acc_delta,min_vehicle_margin,min_static_margin,min_boundary_margin,all_early_reject_reasons,raw_safe_rate
1,6000,1000,1,inactive_raw_action,False,0.0,False,0.0660377358490566,False,0.0,False,0.0,raw_action,0,0.0,0,0.0,0,0.5974842767295597,0,0.13522012578616352,True,0.839622641509434,True,0.8710691823899371,True,0.9465408805031447,inf,inf,0.0,0.0,0,0.0,0,0.0,0,0.0,0,0.0,0,0.0,0,0.0,0,0.0,0,0.0,0,0.0,low_risk_passthrough,0.0,1.556285522269003,0,0.059748427672955975,0,0.6092951557420915,0,0.004532207375340644,,inf,0.0,0.12662175954651073,0.0,0.24680967022789108,low_risk_passthrough,True,0.9339622641509434,False,0.08176100628930817,0,0.04327971980256854,0,0.15157873525559526,0,0.9828401061723817,0,0.5974842767295597,0,0.46226415094339623,,False,0.0,False,0.0,0.0,0.12662175954651073,0.0,0.24680967022789108,True,0.9591194968553459,0.0,0.20440251572327045,0.0,0.009433962264150943,0.0,0.0,inf,-39.724065102132556,False,0.0,none,0.0,0.08702225768535644,False,0.0,False,0.0,0.0,0.0,0.0,0.0,inf,12.459698362556583,inf,inf,2.605945288181305,0,0.0,0,0.0031446540880503146,21,7.660377358490566,False,0.0,raw_action,0.0,-0.028686716871441535,0.0,-0.015084325330062482,318,0.0,0,74.72038269042969,0,0.0,,0.0,0.0,4.857105284949183,inf,0.8251235356330869,cut_in_danger:2;vehicle_lateral_margin_violation:5;steer_delta_from_raw:10;cut_in_danger:10;steer_delta_from_raw:10;steer_delta_from_raw:10;steer_delta_from_raw:10;steer_delta_from_raw:10;steer_delta_from_raw:10;steer_delta_from_raw:10;steer_delta_from_raw:10;steer_delta_from_raw:10;steer_delta_from_raw:10;severe_lateral_rss:1;steer_delta_from_raw:9;steer_delta_from_raw:10;steer_delta_from_raw:10,0.9591194968553459
2,6000,1001,1,inactive_raw_action,False,0.0,False,0.03257328990228013,False,0.0,False,0.0,raw_action,0,0.0,0,0.0,10,0.5537459283387622,10,0.38436482084690554,True,0.9478827361563518,True,0.9511400651465798,True,0.993485342019544,inf,inf,0.0,0.0,0,0.0,0,0.0,0,0.0,0,0.0,0,0.0,0,0.0,0,0.0,0,0.0,0,0.0,raw_action_safe,9.549856185913086,1.1079241476152153,True,0.05537459283387622,27.91182603514173,0.7541037797177359,-1.0002464315497392,-0.03535372688873854,,inf,4.724246431549707,0.1539926701415626,2.7237535684502485,0.13853839707096774,raw_action_brake,True,0.9674267100977199,True,0.04560260586319218,0.0,0.016318082032840492,0.5102157592773438,0.0399789903373594,7.032632827758789,0.6857399831765638,10,0.5537459283387622,0,0.16938110749185667,,False,0.0,False,0.0,4.724246431549707,0.1539926701415626,2.7237535684502485,0.13853839707096774,True,0.9869706840390879,0.0,0.06514657980456026,0.0,0.009771986970684038,0.0,0.0,-46.78400619017971,-45.67254409697553,False,0.0,raw_action_safe,4.971958031098971,-0.09966896015105679,False,0.0,False,0.0,0.0,0.0,0.0,0.0,inf,9.024309673018982,inf,2.373753568450241,2.025907521625998,0,0.0,0,0.0,31,25.26058631921824,False,0.0,raw_action,-0.04055875539779663,-0.0057758071523535915,-0.16323745250701904,-0.003112016749304358,307,0.0,0,38.10691833496094,0,0.0,,0.0,0.0,4.051648971689261,inf,0.32119050754915257,steer_delta_from_raw:10;steer_delta_from_raw:10;steer_delta_from_raw:10;steer_delta_from_raw:10;vehicle_lateral_margin_violation:5;steer_delta_from_raw:3;vehicle_lateral_margin_violation:2;steer_delta_from_raw:1;vehicle_lateral_margin_violation:1,0.9869706840390879
3,6000,1002,1,inactive_raw_action,False,0.0,False,0.04716981132075472,False,0.0,False,0.0,raw_action,0,0.0,0,0.0,10,0.6918238993710691,10,0.27044025157232704,True,0.9088050314465409,True,0.9308176100628931,True,0.9779874213836478,inf,inf,0.0,0.0,0,0.0,0,0.0,0,0.0,0,0.0,0,0.0,0,0.0,0,0.0,0,0.0,0,0.0,raw_action_safe,18.6612606048584,2.1896152376378857,True,0.06918238993710692,15.30184471245239,0.8561584258061296,-0.47586120109058727,0.013274892363795785,,inf,32.723105130491646,4.199861201090578,0.17862438449011342,3.2481387989094155,0.24412908998719854,raw_action_brake,True,0.9528301886792453,True,0.06918238993710692,0.0,0.032181259970994865,0.0,0.14924253307798374,15.932798385620117,1.65803702372425,10,0.6918238993710691,0,0.42138364779874216,,False,0.0,False,0.0,4.199861201090578,0.17438146477161012,3.2481387989094155,0.28131332740690507,True,0.9779874213836478,0.0,0.11006289308176101,0.0,0.0,0.0,0.0,-51.921144646815996,-65.25364886193299,False,0.0,raw_action_safe,14.531279545671431,-0.18520847600732418,False,0.0,False,0.0,0.0,0.0,0.0,0.0,-0.18817208926872908,5.481775744184296,inf,2.898138798909421,2.268708502049765,0,0.02830188679245283,0,0.0,46,35.87106918238994,False,0.0,raw_action,-0.1467522382736206,-0.01729937900537215,-0.36011838912963867,-0.021706940805387195,318,0.0,0,102.04434394836426,0,0.0,,0.0,0.0,-0.18817208926872908,inf,1.2396515312211505,cut_in_danger:4;vehicle_lateral_margin_violation:3;collision:2;cut_in_danger:5;collision:2;cut_in_danger:5;vehicle_lateral_margin_violation:2;cut_in_danger:5;vehicle_lateral_margin_violation:5;steer_delta_from_raw:10;collision:2;cut_in_danger:8;boundary_margin_for_bypass:4;cut_in_danger:1;boundary_margin_for_bypass:3;boundary_margin_for_bypass:2;boundary_margin_for_bypass:1;collision:3;vehicle_lateral_margin_violation:7;steer_delta_from_raw:10;steer_delta_from_raw:10;steer_delta_from_raw:10;steer_delta_from_raw:10;steer_delta_from_raw:10;steer_delta_from_raw:10,0.9779874213836478
4,6000,1003,1,inactive_raw_action,False,0.0,False,0.017191977077363897,False,0.0,False,0.0,raw_action,0,0.0,0,0.0,0,0.9169054441260746,0,0.3839541547277937,True,0.9169054441260746,True,0.9598853868194842,True,0.9828080229226361,inf,inf,0.0,0.0,0,0.0,0,0.0,0,0.0,0,0.0,0,0.0,0,0.0,0,0.0,0,0.0,0,0.0,low_risk_passthrough,0.0,2.066593115514192,0,0.09169054441260745,0,1.1829329902863783,0,0.036172693733524545,,inf,20.293746700000543,0.0,0.31434490969535456,0.0,0.26565084098263053,low_risk_passthrough,True,0.9828080229226361,False,0.07736389684813753,0,0.042631837904965636,0,0.21412242791031014,0,1.432444099710459,0,0.9169054441260746,0,0.5329512893982808,,False,0.0,False,0.0,0.0,0.348316364683308,0.0,0.2717633189972277,True,0.9512893982808023,0.0,0.24355300859598855,0.0,0.0057306590257879654,0.0,0.0,inf,-51.078016518799714,False,0.0,none,0.0,0.15932442020779689,False,0.0,False,0.0,0.0,0.0,0.0,0.0,inf,17.73736164755661,inf,inf,1.2099617696492107,0,0.0,0,0.0,52,49.97134670487106,False,0.0,raw_action,0.0,-0.032025988942231014,0.0,-0.03858567428452238,349,0.0,0,57.91473388671875,0,0.0,,0.0,0.0,14.837030122452514,inf,0.19194587279791575,steer_delta_from_raw:10;steer_delta_from_raw:10;cut_in_danger:10;steer_delta_from_raw:10;steer_delta_from_raw:10;steer_delta_from_raw:10;steer_delta_from_raw:10;steer_delta_from_raw:10;steer_delta_from_raw:10;steer_delta_from_raw:10;steer_delta_from_raw:10;steer_delta_from_raw:10;steer_delta_from_raw:10;steer_delta_from_raw:10;steer_delta_from_raw:10;steer_delta_from_raw:10;steer_delta_from_raw:10;steer_delta_from_raw:10;boundary:3;steer_delta_from_raw:3,0.9512893982808023
5,6000,1004,1,inactive_raw_action,False,0.0,False,0.0,False,0.0,False,0.0,raw_action,0,0.0,0,0.0,0,0.5095541401273885,0,0.1910828025477707,True,0.9681528662420382,True,1.0,True,1.0,inf,inf,0.0,0.0,0,0.0,0,0.0,0,0.0,0,0.0,0,0.0,0,0.0,0,0.0,0,0.0,0,0.0,low_risk_passthrough,0.0,2.875247578712026,0,0.050955414012738856,0,0.6028008604397332,0,-0.020650907729092376,,inf,0.0,0.23266111641974477,0.0,0.07654615271158265,low_risk_passthrough,True,1.0,False,0.025477707006369428,0,0.055846135327770455,0,0.16845715273717407,0,2.2492408752441406,0,0.5095541401273885,0,0.3184713375796178,,False,0.0,False,0.0,0.0,0.23266111641974477,0.0,0.07654615271158265,True,0.9681528662420382,0.0,0.1592356687898089,0.0,0.0,0.0,0.0,inf,-71.34276075860615,False,0.0,none,0.0,0.2174188398938134,False,0.0,False,0.0,0.0,0.0,0.0,0.0,inf,6.276492055246176,inf,inf,2.4390856963465706,0,0.0,0,0.0,52,52.0,False,0.0,raw_action,0.0,-0.012778299249661196,0.0,-0.026642180552148516,157,0.0,0,129.8530101776123,0,0.0,,0.0,0.0,4.2733306880882065,inf,2.0863737156268227,steer_delta_from_raw:10;steer_delta_from_raw:10;steer_delta_from_raw:10;steer_delta_from_raw:10;steer_delta_from_raw:10,0.9681528662420382
6,6000,1005,1,inactive_raw_action,False,0.0,False,0.021660649819494584,False,0.0,False,0.0,raw_action,0,0.0,0,0.0,0,0.7003610108303249,0,0.26714801444043323,True,0.9314079422382672,True,0.9675090252707581,True,0.9963898916967509,inf,inf,0.0,0.0,0,0.0,0,0.0,0,0.0,0,0.0,0,0.0,0,0.0,0,0.0,0,0.0,0,0.0,low_risk_passthrough,0.0,2.406730548569442,0,0.07220216606498195,0,0.5473755939235269,0,0.03306471183761674,,inf,0.0,0.18056069496297292,0.0,0.3031927620424258,low_risk_passthrough,True,0.9783393501805054,False,0.04332129963898917,0,0.038022168706900804,0,0.10911738399133786,0,1.939510180201341,0,0.7003610108303249,0,0.4332129963898917,,False,0.0,False,0.0,0.0,0.18056069496297292,0.0,0.3031927620424258,True,0.9566787003610109,0.0,0.19855595667870035,0.0,0.021660649819494584,0.0,0.0,inf,-42.649066491643055,False,0.0,none,0.0,0.1096490546904202,False,0.0,False,0.0,0.0,0.0,0.0,0.0,inf,5.2639647583544855,inf,inf,2.495126406336602,0,0.021660649819494584,0,0.0,58,52.46570397111913,False,0.0,raw_action,0.0,-0.023676831799724043,0.0,-0.028350383150878795,277,0.0,0,90.72208404541016,0,0.0,,0.0,0.0,0.9775777984056697,inf,0.6756183504876861,steer_delta_from_raw:10;steer_delta_from_raw:10;steer_delta_from_raw:10;steer_delta_from_raw:10;steer_delta_from_raw:10;steer_delta_from_raw:10;steer_delta_from_raw:10;steer_delta_from_raw:10;steer_delta_from_raw:10;steer_delta_from_raw:10;collision:6;steer_delta_from_raw:10;no_blocker_lateral_shift:4,0.9566787003610109
7,6000,1006,1,inactive_raw_action,False,0.0,False,0.0,False,0.0,False,0.0,raw_action,0,0.0,0,0.0,0,0.9785932721712538,0,0.46788990825688076,True,0.9785932721712538,True,1.0,True,1.0,inf,inf,0.0,0.0,0,0.0,0,0.0,0,0.0,0,0.0,0,0.0,0,0.0,0,0.0,0,0.0,0,0.0,low_risk_passthrough,0.0,2.935462770841173,0,0.09785932721712538,0,1.049947854244756,0,-0.04959299665208144,,inf,26.026668357831955,0.0,0.1884175620778245,0.0,0.37753331669427426,low_risk_passthrough,True,1.0,False,0.06422018348623854,0,0.04227737403426331,0,0.1426165986134007,0,2.3371575440106405,0,0.9785932721712538,0,0.5107033639143731,,False,0.0,False,0.0,0.0,0.25414090122922245,0.0,0.35115256750602736,True,0.9785932721712538,0.0,0.10703363914373089,0.0,0.0,0.0,0.0,inf,-56.99647339104711,False,0.0,none,0.0,-0.22855402963340118,False,0.0,False,0.0,0.0,0.0,0.0,0.0,inf,9.565681950970028,inf,inf,2.047106271030129,0,0.0,0,0.0,58,58.0,False,0.0,raw_action,0.0,-0.027956076353697238,0.0,-0.02892815082445057,327,0.0,0,156.38065338134766,0,0.0,,0.0,0.0,-1.4913605708704765,inf,0.2692508568763732,boundary_margin_for_bypass:1;steer_delta_from_raw:9;cut_in_danger:3;cut_in_danger:3;cut_in_danger:3;vehicle_lateral_margin_violation:4;cut_in_danger:3;vehicle_lateral_margin_violation:4;vehicle_lateral_margin_violation:9;vehicle_lateral_margin_violation:6;boundary:3;vehicle_lateral_margin_violation:1;cut_in_danger:1;vehicle_lateral_margin_violation:8;cut_in_danger:1;vehicle_lateral_margin_violation:9;cut_in_danger:10;cut_in_danger:10;cut_in_danger:10;steer_delta_from_raw:10;steer_delta_from_raw:10;steer_delta_from_raw:10;steer_delta_from_raw:10;cut_in_danger:9;steer_delta_from_raw:10;steer_delta_from_raw:10,0.9785932721712538
8,6000,1007,1,inactive_raw_action,False,0.0,False,0.09156626506024096,False,0.0,False,0.0,raw_action,0,0.0,0,0.0,0,0.5686746987951807,0,0.10602409638554217,True,0.8313253012048193,True,0.8626506024096385,True,0.9590361445783132,inf,inf,0.0,0.0,0,0.0,0,0.0,0,0.0,0,0.0,0,0.0,0,0.0,0,0.0,0,0.0,0,0.0,low_risk_passthrough,0.0,0.9183699826160109,0,0.05783132530120482,0,0.698861777013167,0,-0.004628824258307192,,inf,0.6431738535563151,0.0,0.2467399366570419,0.0,0.19338399272582152,low_risk_passthrough,True,0.908433734939759,False,0.08433734939759036,0,0.021621405360210372,0,0.13450657028749766,0,0.43602908950254143,0,0.5686746987951807,0,0.46265060240963857,,False,0.0,False,0.0,0.0,0.25658902598309613,0.0,0.19270124606080935,True,0.963855421686747,0.0,0.1686746987951807,0.0,0.014457831325301205,0.0,0.021686746987951807,inf,-39.931112915511186,False,0.0,none,0.0,-0.359362919798214,False,0.0,False,0.0,0.0,0.0,0.0,0.0,inf,8.56272994986414,inf,inf,1.391696548987697,0,0.0,0,0.0,96,65.15903614457831,False,0.0,raw_action,0.0,0.010946513371295239,0.0,-0.00011548981609114681,415,0.0,0,40.71998596191406,0,0.0,,0.0,0.0,-2.0928849351742214,inf,0.19098085591192926,steer_delta_from_raw:10;steer_delta_from_raw:10;steer_delta_from_raw:10;steer_delta_from_raw:10;cut_in_danger:9;vehicle_lateral_margin_violation:4;vehicle_lateral_margin_violation:7;steer_delta_from_raw:10;boundary:1;vehicle_lateral_margin_violation:9;boundary:3;vehicle_lateral_margin_violation:7;vehicle_lateral_margin_violation:4;boundary:8;steer_delta_from_raw:10;steer_delta_from_raw:10;cut_in_danger:5;steer_delta_from_raw:5;cut_in_danger:2;steer_delta_from_raw:8;cut_in_danger:1;steer_delta_from_raw:9;cut_in_danger:2;steer_delta_from_raw:8;steer_delta_from_raw:10;steer_delta_from_raw:10;steer_delta_from_raw:10,0.963855421686747
9,6000,1008,1,minimum_risk_stop,False,0.0,True,0.020942408376963352,False,0.0,False,0.0,minimum_risk_stop_vehicle_risk,0,0.0,0,0.0,0,0.7329842931937173,0,0.0,0,0.9581151832460733,0,0.9790575916230366,True,1.0,inf,inf,0.0,0.0,0,0.0,0,0.0,0,0.0,0,0.0,0,0.0,0,0.0,0,0.0,0,0.0,0,0.0,vehicle_risk_before_route_build,0.0,1.0929819176958493,0,0.07329842931937172,0,1.1626170137748695,0,-0.039874121555280445,,inf,26.56275492390832,0.0,-0.06718964373256256,0.0,0.04236787626050713,vehicle_risk_flag,False,0.9790575916230366,False,0.05759162303664921,0,0.026186099227186274,0,0.1526003732731205,0,0.514459859638314,0,0.7329842931937173,0,0.7329842931937173,,False,0.0,False,0.0,0.0,0.048628911736831086,0.0,0.08307921985261196,True,0.9790575916230366,0.0,0.10471204188481675,0.0,0.0,0.0,0.0,inf,-71.77084770709294,False,0.0,none,0.0,0.0,False,0.0,False,0.0,0.0,0.0,0.0,0.0,inf,inf,inf,0,0.0,0,0.0,99,96.03141361256544,False,0.0,raw_action,0.0,-0.0016860400194897078,0.0,-0.031742708221155935,191,0.0,0,15.511512756347656,0,0.0,,0.0,0.0,inf,inf,inf,cut_in_danger:9;vehicle_lateral_margin_violation:1;cut_in_danger:10;cut_in_danger:9;steer_delta_from_raw:1;cut_in_danger:10;cut_in_danger:10;steer_delta_from_raw:10;cut_in_danger:10;cut_in_danger:10;cut_in_danger:10;steer_delta_from_raw:10;steer_delta_from_raw:10;cut_in_danger:10;steer_delta_from_raw:10;cut_in_danger:10,0.9790575916230366
10,6000,1009,1,inactive_raw_action,False,0.0,False,0.0,False,0.0,False,0.0,raw_action,0,0.0,0,0.0,0,0.7009345794392523,0,0.4672897196261682,True,0.9719626168224299,True,0.9953271028037384,True,0.9953271028037384,inf,inf,0.0,0.0,0,0.0,0,0.0,0,0.0,0,0.0,0,0.0,0,0.0,0,0.0,0,0.0,0,0.0,low_risk_passthrough,0.0,0.9055215621663031,0,0.07009345794392523,0,0.7308592209028291,0,-0.030924885263802205,,inf,0.0,0.27620991034501724,0.0,0.278625964841133,low_risk_passthrough,True,1.0,False,0.0514018691588785,0,0.029547192225946445,0,0.10027840872791326,0,0.3909418516069929,0,0.7009345794392523,0,0.2336448598130841,,False,0.0,False,0.0,0.0,0.27620991034501724,0.0,0.278625964841133,True,0.9766355140186916,0.0,0.11682242990654206,0.0,0.0,0.0,0.0,inf,-50.96934154359451,False,0.0,none,0.0,0.36339122152401304,False,0.0,False,0.0,0.0,0.0,0.0,0.0,inf,inf,inf,2.3084422208327164,0,0.0,0,0.0,100,100.0,False,0.0,raw_action,0.0,-0.02233383700112316,0.0,-0.023015071298474462,214,0.0,0,12.27712631225586,0,0.0,,0.0,0.0,inf,inf,1.8585802783966061,steer_delta_from_raw:10;steer_delta_from_raw:10;steer_delta_from_raw:10;steer_delta_from_raw:10;steer_delta_from_raw:10,0.9766355140186916
11,6000,1010,1,inactive_raw_action,False,0.0,False,0.0044444444444444444,False,0.0044444444444444444,False,0.0,raw_action,0,0.0,0,0.0,0,1.2444444444444445,0,0.10222222222222223,True,0.8533333333333334,True,0.92,True,0.9288888888888889,inf,inf,0.0,0.0,0,0.0,0,0.0,0,0.0,0,0.0,0,0.0,0,0.0,0,0.0,0,0.0,0,0.0,low_risk_passthrough,0.9999275207519531,2.428791258070204,0,0.12444444444444444,0,1.5294518220712516,0,0.09305202333238201,,inf,25.250582011719374,0.0,0.1971200599578037,0.0,0.35844098109012207,low_risk_passthrough,True,1.0,False,0.15555555555555556,0,0.06191677517361111,0,0.4586961534288194,0,1.4168198903401692,0,1.2444444444444445,0,1.1422222222222222,,False,0.0,False,0.0,0.0,0.23294974946239114,0.0,0.8044534626308104,True,0.9244444444444444,0.0,0.37777777777777777,0.0,0.0044444444444444444,0.0,0.0,inf,-79.80476957538073,False,0.0,none,0.0,0.09635598525219746,False,0.0,False,0.0,0.0,0.0,0.0,0.0,inf,11.808279070769863,inf,inf,3.138363928358937,0,0.09333333333333334,0,0.18222222222222223,101,100.29333333333334,False,0.0,raw_action,0.0,0.020110416677263047,0.0,0.05473653581407335,225,0.0,0,149.5954990386963,1,0.0044444444444444444,exception,0.0,0.0,11.514097526673844,inf,2.9421149914593907,steer_delta_from_raw:10;steer_delta_from_raw:10;steer_delta_from_raw:10;steer_delta_from_raw:10;severe_lateral_rss:10;steer_delta_from_raw:10;collision:6;severe_lateral_rss:1;vehicle_lateral_margin_violation:3;steer_delta_from_raw:10;collision:10;steer_delta_from_raw:10;steer_delta_from_raw:10;collision:5;vehicle_lateral_margin_violation:5;vehicle_lateral_margin_violation:10;steer_delta_from_raw:10;steer_delta_from_raw:10;vehicle_lateral_margin_violation:10;steer_delta_from_raw:10;steer_delta_from_raw:10;steer_delta_from_raw:7;severe_lateral_rss:10;severe_lateral_rss:10;severe_lateral_rss:10;steer_delta_from_raw:10;steer_delta_from_raw:10;steer_delta_from_raw:10;steer_delta_from_raw:10,0.9244444444444444
12,6000,1011,1,inactive_raw_action,False,0.0,False,0.022508038585209004,False,0.0,False,0.0,raw_action,0,0.0,0,0.0,0,0.5273311897106109,0,0.2958199356913183,True,0.9453376205787781,True,0.9581993569131833,True,0.9871382636655949,inf,inf,0.0,0.0,0,0.0,0,0.0,0,0.0,0,0.0,0,0.0,0,0.0,0,0.0,0,0.0,0,0.0,low_risk_passthrough,0.0,2.075904435283501,0,0.05466237942122187,0,0.4697499713157582,0,-0.01477535623495934,,inf,0.0,0.10131619136819137,0.0,0.21832386511706978,low_risk_passthrough,True,0.977491961414791,False,0.028938906752411574,0,0.0508375873136367,0,0.07343445560173206,0,1.5447653374871257,0,0.5273311897106109,0,0.2315112540192926,,False,0.0,False,0.0,0.0,0.10131619136819137,0.0,0.21832386511706978,True,0.9807073954983923,0.0,0.08038585209003216,0.0,0.01929260450160772,0.0,0.0,inf,-42.54348547880485,False,0.0,none,0.0,0.11539493954484346,False,0.0,False,0.0,0.0,0.0,0.0,0.0,inf,5.4050434883153615,inf,inf,2.0536815231152277,0,0.01607717041800643,0,0.0,108,104.31511254019293,False,0.0,raw_action,0.0,-0.02348643886314711,0.0,-0.020658711145161816,311,0.0,0,84.54561233520508,0,0.0,,0.0,0.0,-1.3885364302787244,inf,0.34632379100672406,steer_delta_from_raw:10;steer_delta_from_raw:10;cut_in_danger:10;steer_delta_from_raw:10;steer_delta_from_raw:10;collision:5;steer_delta_from_raw:10;boundary:3;boundary:4,0.9807073954983923
13,6000,1012,1,inactive_raw_action,False,0.0,False,0.0,False,0.0,False,0.0,raw_action,0,0.0,0,0.0,0,0.1839080459770115,0,0.09195402298850575,True,0.9885057471264368,True,0.9770114942528736,True,1.0,inf,inf,0.0,0.0,0,0.0,0,0.0,0,0.0,0,0.0,0,0.0,0,0.0,0,0.0,0,0.0,0,0.0,low_risk_passthrough,0.6146430969238281,1.3708575018521012,0,0.022988505747126436,0,0.2022634928702021,0,-0.0018929292565497127,,inf,0.0,0.16790504156685684,0.0,0.0028489698575014156,low_risk_passthrough,True,1.0,False,0.011494252873563218,0,0.022986839557516164,0,0.05597355722010821,0,0.956414759844199,0,0.1839080459770115,0,0.09195402298850575,,False,0.0,False,0.0,0.0,0.16790504156685684,0.0,0.0028489698575014156,True,0.9885057471264368,0.0,0.05747126436781609,0.0,0.034482758620689655,0.0,0.0,inf,-49.59027912089211,False,0.0,none,0.0,-0.7018549356966988,False,0.0,False,0.0,0.0,0.0,0.0,0.0,inf,5.217066654682725,inf,inf,0.19389352375533453,0,0.0,0,0.0,108,108.0,False,0.0,raw_action,0.0,-0.010388797727124444,0.0,-0.011355926250589305,87,0.0,0,86.86161041259766,0,0.0,,0.0,0.0,5.217066654682725,inf,0.19389352375533453,steer_delta_from_raw:8,0.9885057471264368
14,6000,1013,1,inactive_raw_action,False,0.0,False,0.052924791086350974,False,0.0,False,0.0,raw_action,0,0.0,0,0.0,0,0.5682451253481894,0,0.12256267409470752,True,0.9025069637883009,True,0.9275766016713092,True,0.9944289693593314,inf,inf,0.0,0.0,0,0.0,0,0.0,0,0.0,0,0.0,0,0.0,0,0.0,0,0.0,0,0.0,0,0.0,low_risk_passthrough,0.5249977111816406,1.2849698823806635,0,0.0584958217270195,0,0.6410140810327252,0,0.012956330393458568,,inf,43.62238311767578,0.0,0.15037618212736945,0.0,0.11986563470171775,low_risk_passthrough,True,0.947075208913649,False,0.04456824512534819,0,0.01589302233002644,0,0.07327220566093423,0,0.8325477164435852,0,0.5682451253481894,0,0.4456824512534819,,False,0.0,False,0.0,0.0,0.16322432505915496,0.0,0.09194470389910576,True,0.9610027855153204,0.0,0.181058495821727,0.0,0.025069637883008356,0.0,0.0,inf,-36.076612009149095,False,0.0,none,0.0,0.1159279000399115,False,0.0,False,0.0,0.0,0.0,0.0,0.0,inf,-0.3743556720225708,inf,inf,2.597505565810315,0,0.0,0,0.06128133704735376,127,113.05013927576601,False,0.0,raw_action,0.0,-0.015240697807588285,0.0,-0.008657470885093497,359,0.0,0,71.16270065307617,0,0.0,,0.0,0.0,-0.7376985326592171,inf,2.3304374530348646,severe_lateral_rss:10;severe_lateral_rss:10;cut_in_danger:1;severe_lateral_rss:1;vehicle_lateral_margin_violation:1;cut_in_danger:1;severe_lateral_rss:1;vehicle_lateral_margin_violation:1;steer_delta_from_raw:10;steer_delta_from_raw:10;steer_delta_from_raw:10;steer_delta_from_raw:10;steer_delta_from_raw:10;steer_delta_from_raw:10;steer_delta_from_raw:10;steer_delta_from_raw:10;steer_delta_from_raw:10;steer_delta_from_raw:10;steer_delta_from_raw:10;steer_delta_from_raw:10;steer_delta_from_raw:10;boundary:4,0.9610027855153204
15,6000,1014,1,inactive_raw_action,False,0.0,False,0.0,False,0.0,False,0.0,raw_action,0,0.0,0,0.0,0,0.6880733944954128,0,0.6880733944954128,True,1.0,True,1.0,True,1.0,inf,inf,0.0,0.0,0,0.0,0,0.0,0,0.0,0,0.0,0,0.0,0,0.0,0,0.0,0,0.0,0,0.0,low_risk_passthrough,1.0116100311279297,2.372935277606369,0,0.06880733944954129,0,0.8874124415098296,0,-0.062192160486890115,,inf,0.0,0.3184306925969816,0.0,0.19404637162320135,low_risk_passthrough,True,1.0,False,0.045871559633027525,0,0.01438276483378279,0,0.048577238660339916,0,1.9878597434507597,0,0.6880733944954128,0,0.0,,False,0.0,False,0.0,0.0,0.3184306925969816,0.0,0.19404637162320135,True,1.0,0.0,0.0,0.0,0.0,0.0,0.0,inf,-60.831787558638794,False,0.0,none,0.0,0.5286354809000289,False,0.0,False,0.0,0.0,0.0,0.0,0.0,inf,29.47307768528019,inf,inf,2.423202815491491,0,0.0,0,0.0,127,127.0,False,0.0,raw_action,0.0,-0.001329172641859142,0.0,-0.015227245628286938,218,0.0,0,69.97466087341309,0,0.0,,0.0,0.0,26.46350862250905,inf,1.8495172729492184,,1.0
16,6000,1015,1,inactive_raw_action,False,0.0,False,0.0,False,0.0,False,0.0,raw_action,0,0.0,0,0.0,10,0.8564814814814815,10,0.37037037037037035,True,0.9745370370370371,True,0.9953703703703703,True,1.0,inf,inf,0.0,0.0,0,0.0,0,0.0,0,0.0,0,0.0,0,0.0,0,0.0,0,0.0,0,0.0,0,0.0,raw_action_safe,24.637460708618164,2.9343013410215026,True,0.08564814814814815,8.0,1.0861940162728618,-1.0248425552544118,-0.012914026183551135,,inf,11.345357692896844,4.748842555254408,0.20297600603529342,2.6991574447455826,0.23226783010034846,raw_action_brake,True,1.0,False,0.05092592592592592,0.0,0.06078790735315393,1.0001659393310547,0.1737442281511095,21.633148193359375,2.2428852540475352,10,0.8564814814814815,0,0.4861111111111111,,False,0.0,False,0.0,4.748842555254408,0.22925561746677023,2.6991574447455826,0.30351982944724015,True,0.9745370370370371,0.0,0.12731481481481483,0.0,0.004629629629629629,0.0,0.0,-48.192768683389886,-66.75529410343856,False,0.0,raw_action_safe,5.425864448772771,0.22322966845373302,False,0.0,False,0.0,0.0,0.0,0.0,0.0,46.24414972804037,27.904379423457534,inf,2.3491574447455834,2.1593934310228047,0,0.0,0,0.0,127,127.0,False,0.0,raw_action,-0.0623629093170166,-0.01826663867191032,-0.1752251386642456,-0.019696725877346815,432,0.0,0,131.74891471862793,0,0.0,,0.0,0.0,2.193569155663458,inf,0.8526970146728746,steer_delta_from_raw:10;cut_in_danger:9;cut_in_danger:10;cut_in_danger:10;steer_delta_from_raw:10;steer_delta_from_raw:1;steer_delta_from_raw:10;steer_delta_from_raw:10;steer_delta_from_raw:10;steer_delta_from_raw:10;cut_in_danger:10;cut_in_danger:10;cut_in_danger:10;cut_in_danger:10;cut_in_danger:10;cut_in_danger:10;cut_in_danger:10;steer_delta_from_raw:10;steer_delta_from_raw:10;steer_delta_from_raw:10;steer_delta_from_raw:10;steer_delta_from_raw:10,0.9745370370370371
17,6000,1016,1,inactive_raw_action,False,0.0,False,0.0,False,0.0,False,0.0,raw_action,0,0.0,0,0.0,0,0.07936507936507936,0,0.0,True,0.9920634920634921,True,1.0,True,1.0,inf,inf,0.0,0.0,0,0.0,0,0.0,0,0.0,0,0.0,0,0.0,0,0.0,0,0.0,0,0.0,0,0.0,low_risk_passthrough,1.0046958923339844,0.34921320657881477,0,0.007936507936507936,0,0.01057869467602633,0,-0.010409681812313965,,inf,0.0,0.0397939459383943,0.0,0.018493994754640777,low_risk_passthrough,True,1.0,False,0.0,0,0.008641727386959015,0,0.01586997319781591,0,0.0,0,0.07936507936507936,0,0.07936507936507936,,False,0.0,False,0.0,0.0,0.0397939459383943,0.0,0.018493994754640777,True,0.9920634920634921,0.0,0.03968253968253968,0.0,0.0,0.0,0.0,inf,-42.71883766247933,False,0.0,none,0.0,0.0,False,0.0,False,0.0,0.0,0.0,0.0,0.0,inf,inf,inf,0,0.0,0,0.0,127,127.0,False,0.0,raw_action,0.0,-0.006161323142430139,0.0,-0.0020165216355096725,126,0.0,0,5.093574523925781,0,0.0,,0.0,0.0,inf,inf,inf,steer_delta_from_raw:10,0.9920634920634921
18,6000,1017,1,inactive_raw_action,False,0.0,False,0.0037174721189591076,False,0.0,False,0.0,raw_action,0,0.0,0,0.0,10,0.8884758364312267,0,0.379182156133829,False,0.9628252788104089,True,0.9925650557620818,True,0.9962825278810409,inf,inf,0.0,0.0,0,0.0,0,0.0,0,0.0,0,0.0,0,0.0,0,0.0,0,0.0,0,0.0,0,0.0,none,2.501964569091797,2.590350502042522,True,0.08921933085501858,16.36175962175209,1.1088100722698793,0.3247685262593616,-0.05250582231952381,,inf,3.399231473740627,0.18913828965043042,4.048768526259359,0.21958864471822676,raw_action_brake,True,0.9962825278810409,True,0.06691449814126393,0.0,0.03520352246592922,0.0,0.10314484068009047,0.5023479461669922,2.0932185162398893,10,0.8884758364312267,10,0.5092936802973977,steer_delta_from_raw:10,False,0.0,False,0.0,3.399231473740627,0.18913828965043042,4.048768526259359,0.21958864471822676,False,0.9702602230483272,5.0,0.14869888475836432,0.0,0.0,0.0,0.0,-61.180393146972165,-54.513180684485064,False,0.0,no_safe_candidate,0.0,0.5141034972206742,False,0.0,False,0.0,0.0,0.0,0.0,0.0,inf,8.816067865912018,inf,inf,2.492456491517847,0,0.0,0,0.0,128,127.02602230483271,False,0.0,raw_action,-0.5104129910469055,-0.027591393339589626,-0.23543095588684082,-0.03452259169192119,269,0.0,0,94.60258483886719,0,0.0,,0.0,0.0,3.9752463981084527,inf,1.7892559192750759,steer_delta_from_raw:10;steer_delta_from_raw:10;vehicle_lateral_margin_violation:2;vehicle_lateral_margin_violation:3;vehicle_lateral_margin_violation:3;steer_delta_from_raw:10;steer_delta_from_raw:10;steer_delta_from_raw:9;steer_delta_from_raw:10;vehicle_lateral_margin_violation:10;vehicle_lateral_margin_violation:10;cut_in_danger:3;vehicle_lateral_margin_violation:7;cut_in_danger:10;cut_in_danger:10;steer_delta_from_raw:10;steer_delta_from_raw:10,0.9702602230483272
19,6000,1018,1,inactive_raw_action,False,0.0,False,0.0,False,0.0,False,0.0,raw_action,0,0.0,0,0.0,0,0.7189542483660131,0,0.06862745098039216,True,0.9379084967320261,True,0.9673202614379085,True,0.9738562091503268,inf,inf,0.0,0.0,0,0.0,0,0.0,0,0.0,0,0.0,0,0.0,0,0.0,0,0.0,0,0.0,0,0.0,low_risk_passthrough,0.0,1.4619609109716478,0,0.0718954248366013,0,0.7925005455230106,0,0.0037484655228003897,,inf,51.052702811907665,0.0,0.06728765629412888,0.0,0.2232383983750338,low_risk_passthrough,True,1.0,False,0.058823529411764705,0,0.06143329969418594,0,0.21853945613686554,0,0.8215054967045005,0,0.7189542483660131,0,0.6503267973856209,,False,0.0,False,0.0,0.0,0.07187968582494482,0.0,0.1963507082952947,True,0.9640522875816994,0.0,0.17973856209150327,0.0,0.006535947712418301,0.0,0.0,inf,-63.694694168114665,False,0.0,none,0.0,-0.8986434659281655,False,0.0,False,0.0,0.0,0.0,0.0,0.0,inf,13.133964309955156,inf,inf,2.0260661192237737,0,0.00980392156862745,0,0.0,128,128.0,False,0.0,raw_action,0.0,-0.01204866268276389,0.0,-0.02178558064442055,306,0.0,0,71.3644027709961,0,0.0,,0.0,0.0,5.857068491896921,inf,0.9750045257394878,steer_delta_from_raw:10;cut_in_danger:1;cut_in_danger:1;vehicle_lateral_margin_violation:1;steer_delta_from_raw:10;steer_delta_from_raw:10;cut_in_danger:9;cut_in_danger:9;steer_delta_from_raw:10;cut_in_danger:9;steer_delta_from_raw:10;steer_delta_from_raw:10;cut_in_danger:10;cut_in_danger:10;cut_in_danger:10;cut_in_danger:10;vehicle_lateral_margin_violation:10;steer_delta_from_raw:10;collision:3;vehicle_lateral_margin_violation:6;steer_delta_from_raw:10;steer_delta_from_raw:10;steer_delta_from_raw:10;steer_delta_from_raw:10,0.9640522875816994
20,6000,1019,1,inactive_raw_action,False,0.0,False,0.0,False,0.0,False,0.0,raw_action,0,0.0,0,0.0,0,0.23622047244094488,0,0.0,True,0.9763779527559056,True,1.0,True,1.0,inf,inf,0.0,0.0,0,0.0,0,0.0,0,0.0,0,0.0,0,0.0,0,0.0,0,0.0,0,0.0,0,0.0,low_risk_passthrough,1.0080337524414062,0.35126378217081383,0,0.023622047244094488,0,0.050664174076096635,0,-0.029263896481110725,,inf,0.0,0.11672257238393251,0.0,0.05692180544522045,low_risk_passthrough,True,1.0,False,0.015748031496062992,0,0.0,0,0.016614208071250615,0,0.014845780500276821,0,0.23622047244094488,0,0.23622047244094488,,False,0.0,False,0.0,0.0,0.11672257238393251,0.0,0.05692180544522045,True,0.9763779527559056,0.0,0.11811023622047244,0.0,0.0,0.0,0.0,inf,-41.18731175820762,False,0.0,none,0.0,0.0,False,0.0,False,0.0,0.0,0.0,0.0,0.0,inf,inf,inf,0,0.0,0,0.0,128,128.0,False,0.0,raw_action,0.0,-0.01910435824882327,0.0,-0.00554132883942972,127,0.0,0,3.932952880859375,0,0.0,,0.0,0.0,inf,inf,inf,steer_delta_from_raw:10;steer_delta_from_raw:10;steer_delta_from_raw:10,0.9763779527559056
21,6000,1020,1,inactive_raw_action,False,0.0,False,0.0,False,0.0,False,0.0,raw_action,0,0.0,0,0.0,10,0.5855855855855856,10,0.18018018018018017,True,0.9594594594594594,True,1.0,True,1.0,inf,inf,0.0,0.0,0,0.0,0,0.0,0,0.0,0,0.0,0,0.0,0,0.0,0,0.0,0,0.0,0,0.0,raw_action_safe,26.864290237426758,0.8703233959438564,True,0.05855855855855856,8.000000000000007,0.46204480515717666,-1.0620259398312482,-0.026639846300328,,inf,4.78602593983125,0.14403605530016733,2.6619740601687503,0.1899790894544385,raw_action_brake,True,1.0,False,0.03153153153153153,1.522064208984375,0.04132373912914379,0.6561279296875,0.035937841948088224,24.686098098754883,0.45775615417205534,10,0.5855855855855856,0,0.40540540540540543,,False,0.0,False,0.0,4.78602593983125,0.14403605530016733,2.6619740601687503,0.1899790894544385,True,0.9594594594594594,0.0,0.20270270270270271,0.0,0.0,0.0,0.0,-44.177156504555626,-47.65794193235176,False,0.0,raw_action_safe,15.720282548952426,0.1590443541939778,False,0.0,False,0.0,0.0,0.0,0.0,0.0,52.037502228313336,32.75555776257172,inf,2.3119740601687497,2.449903784286546,0,0.0,0,0.0,128,128.0,False,0.0,raw_action,-0.12226057052612305,-0.03274427152968742,-0.3886115550994873,-0.02046082470868085,222,0.0,0,39.88337516784668,0,0.0,,0.0,0.0,25.66378168137374,inf,2.2019532308222063,steer_delta_from_raw:10;steer_delta_from_raw:10;steer_delta_from_raw:10;steer_delta_from_raw:10;steer_delta_from_raw:10;steer_delta_from_raw:10;steer_delta_from_raw:10;steer_delta_from_raw:10;steer_delta_from_raw:10,0.9594594594594594
22,6000,1021,1,inactive_raw_action,False,0.0,False,0.013605442176870748,False,0.0,False,0.0,raw_action,0,0.0,0,0.0,0,0.6122448979591837,0,0.017006802721088437,True,0.9421768707482994,True,0.9795918367346939,True,0.9931972789115646,inf,inf,0.0,0.0,0,0.0,0,0.0,0,0.0,0,0.0,0,0.0,0,0.0,0,0.0,0,0.0,0,0.0,low_risk_passthrough,0.5028247833251953,0.8553753093797334,0,0.061224489795918366,0,0.7770993155521377,0,-0.0042815604639927654,,inf,45.782677401706174,0.0,0.11977000572296456,0.0,0.032126883295302965,low_risk_passthrough,True,0.9863945578231292,False,0.04421768707482993,0,0.03404601090619353,0,0.10173742462988614,0,0.32627258171029644,0,0.6122448979591837,0,0.5952380952380952,,False,0.0,False,0.0,0.0,0.09793075713222094,0.0,0.05306018083843065,True,0.9625850340136054,0.0,0.1870748299319728,0.0,0.0,0.0,0.0,inf,-59.94318243121328,False,0.0,none,0.0,-0.7408520435627401,False,0.0,False,0.0,0.0,0.0,0.0,0.0,inf,7.033785335805665,inf,inf,2.293980633170064,0,0.034013605442176874,0,0.0,132,128.94897959183675,False,0.0,raw_action,0.0,-0.017617297213093765,0.0,-0.03422735053665784,294,0.0,0,27.853965759277344,0,0.0,,0.0,0.0,-1.5844451322515964,inf,2.2149443452516264,cut_in_danger:3;vehicle_lateral_margin_violation:7;vehicle_lateral_margin_violation:7;steer_delta_from_raw:10;cut_in_danger:6;vehicle_lateral_margin_violation:4;cut_in_danger:3;vehicle_lateral_margin_violation:6;cut_in_danger:6;vehicle_lateral_margin_violation:3;steer_delta_from_raw:10;steer_delta_from_raw:10;steer_delta_from_raw:10;cut_in_danger:10;steer_delta_from_raw:10;steer_delta_from_raw:10;steer_delta_from_raw:10;steer_delta_from_raw:10;steer_delta_from_raw:10;collision:10;steer_delta_from_raw:10;steer_delta_from_raw:10,0.9625850340136054
23,6000,1022,1,minimum_risk_stop,False,0.0,True,0.7946666666666666,False,0.0033333333333333335,False,0.0,minimum_risk_stop_vehicle_risk,0,0.0,0,0.0,0,0.362,0,0.029333333333333333,0,0.18866666666666668,0,0.198,True,0.9986666666666667,inf,inf,0.0,0.0,0,0.0,0,0.0,0,0.0,0,0.0,0,0.0,0,0.0,0,0.0,0,0.0,0,0.0,vehicle_risk_before_route_build,0.0,0.5774656931559244,0,0.03666666666666667,0,0.47632607600688226,0,0.007407367443935231,,inf,20.344087526707156,0.0,0.014807761163422422,0.0,0.06318333945334609,vehicle_risk_flag,False,0.20866666666666667,False,0.03266666666666666,0,0.009221553802490234,0,0.06415128707885742,0,0.29601701100667316,0,0.362,0,0.33266666666666667,,False,0.0,False,0.0,0.0,0.029460954469101776,0.0,0.09479732901880009,True,0.9813333333333333,0.0,0.09333333333333334,0.0,0.006,0.0,0.0,inf,-39.0706464596025,False,0.0,none,0.0,-0.6548344181699011,False,0.0,False,0.0,0.0,0.0,0.0,0.0,inf,12.129357534572843,inf,inf,1.7532752822584194,0,0.007333333333333333,0,0.0,1323,605.85,False,0.0,raw_action,0.0,-0.00974946391582489,0.0,-0.005432535847028097,1500,0.0,0,34.468650817871094,5,0.0033333333333333335,exception;exception;exception;exception;exception,0.0,0.0,1.5230105731257515,inf,0.23769702177537977,cut_in_danger:6;boundary:1;vehicle_lateral_margin_violation:8;vehicle_lateral_margin_violation:9;cut_in_danger:2;vehicle_lateral_margin_violation:7;cut_in_danger:2;vehicle_lateral_margin_violation:4;cut_in_danger:6;vehicle_lateral_margin_violation:3;cut_in_danger:6;vehicle_lateral_margin_violation:3;steer_delta_from_raw:10;cut_in_danger:4;vehicle_lateral_margin_violation:2;cut_in_danger:6;vehicle_lateral_margin_violation:2;cut_in_danger:6;vehicle_lateral_margin_violation:3;cut_in_danger:9;boundary_margin_for_bypass:2;cut_in_danger:1;vehicle_lateral_margin_violation:6;boundary_margin_for_bypass:2;cut_in_danger:1;vehicle_lateral_margin_violation:6;cut_in_danger:1;steer_delta_from_raw:3;vehicle_lateral_margin_violation:5;steer_delta_from_raw:10;steer_delta_from_raw:10;steer_delta_from_raw:10;steer_delta_from_raw:10;steer_delta_from_raw:10;steer_delta_from_raw:10;steer_delta_from_raw:10;collision:5;cut_in_danger:5;collision:6;cut_in_danger:4;cut_in_danger:10;steer_delta_from_raw:10;steer_delta_from_raw:10;steer_delta_from_raw:10;steer_delta_from_raw:10;steer_delta_from_raw:10;steer_delta_from_raw:9;steer_delta_from_raw:10;steer_delta_from_raw:8;steer_delta_from_raw:8;steer_delta_from_raw:8;steer_delta_from_raw:9;steer_delta_from_raw:8;steer_delta_from_raw:10;steer_delta_from_raw:10;cut_in_danger:2;steer_delta_from_raw:7;cut_in_danger:7;steer_delta_from_raw:2;cut_in_danger:7;cut_in_danger:7;cut_in_danger:7;cut_in_danger:10;cut_in_danger:10;vehicle_lateral_margin_violation:10;steer_delta_from_raw:10;vehicle_lateral_margin_violation:10;vehicle_lateral_margin_violation:9;vehicle_lateral_margin_violation:6;steer_delta_from_raw:10;steer_delta_from_raw:10;steer_delta_from_raw:9;steer_delta_from_raw:10,0.9813333333333333
24,6000,1023,1,inactive_raw_action,False,0.0,False,0.0,False,0.0,False,0.0,raw_action,0,0.0,0,0.0,0,0.36885245901639346,0,0.20901639344262296,True,0.9631147540983607,True,0.9672131147540983,True,0.9672131147540983,inf,inf,0.0,0.0,0,0.0,0,0.0,0,0.0,0,0.0,0,0.0,0,0.0,0,0.0,0,0.0,0,0.0,low_risk_passthrough,0.0,1.7764236106247198,0,0.036885245901639344,0,0.4812209645777328,0,0.01429937056041642,,inf,0.0,0.09381648470505534,0.0,0.3746689795224413,low_risk_passthrough,True,1.0,False,0.040983606557377046,0,0.0400689781689253,0,0.08425947095527024,0,1.3049606417046218,0,0.36885245901639346,0,0.1598360655737705,,False,0.0,False,0.0,0.0,0.09381648470505534,0.0,0.3746689795224413,True,0.9959016393442623,0.0,0.020491803278688523,0.0,0.0,0.0,0.0,inf,-66.33717512852542,False,0.0,none,0.0,-0.40286048987951734,False,0.0,False,0.0,0.0,0.0,0.0,0.0,inf,10.803310150491955,inf,inf,2.2460271313353384,0,0.0,0,0.0,1324,1324.0,False,0.0,raw_action,0.0,-0.007519080746369284,0.0,-0.009765478186920041,244,0.0,0,59.71860885620117,0,0.0,,0.0,0.0,-1.5794733276539752,inf,1.9152423610687253,steer_delta_from_raw:10;cut_in_danger:2;cut_in_danger:3;cut_in_danger:9;cut_in_danger:9;cut_in_danger:6,0.9959016393442623
25,6000,1024,1,inactive_raw_action,False,0.0,False,0.0392156862745098,False,0.0024509803921568627,False,0.0,raw_action,0,0.0,0,0.0,0,0.8333333333333334,0,0.2549019607843137,True,0.9411764705882353,True,0.9558823529411765,True,0.9950980392156863,inf,inf,0.0,0.0,0,0.0,0,0.0,0,0.0,0,0.0,0,0.0,0,0.0,0,0.0,0,0.0,0,0.0,low_risk_passthrough,0.0,2.8442056740031525,0,0.08333333333333333,0,1.0477389086145021,0,-0.038697196510793265,,inf,19.952714910637148,0.0,0.10101716923762817,0.0,0.10150478544197605,low_risk_passthrough,True,0.9632352941176471,False,0.0661764705882353,0,0.03849641949522729,0,0.23320843191707835,0,2.1470972135955213,0,0.8333333333333334,0,0.5784313725490197,,False,0.0,False,0.0,0.0,0.1951967359096757,0.0,0.13827550906570055,True,0.9828431372549019,0.0,0.0857843137254902,0.0,0.0,0.0,0.0,inf,-66.41191670167561,False,0.0,none,0.0,-0.09399929485051008,False,0.0,False,0.0,0.0,0.0,0.0,0.0,inf,8.975257853411138,inf,inf,2.154341185428288,0,0.0024509803921568627,0,0.049019607843137254,1340,1330.3088235294117,False,0.0,raw_action,0.0,-0.019112638544802572,0.0,0.004388964351485758,408,0.0,0,105.17263412475586,1,0.0024509803921568627,exception,0.0,0.0,1.6834126047356368,inf,1.7221321681964614,cut_in_danger:10;collision:1;cut_in_danger:9;severe_lateral_rss:10;severe_lateral_rss:10;steer_delta_from_raw:10;cut_in_danger:10;cut_in_danger:10;cut_in_danger:10;cut_in_danger:9;vehicle_lateral_margin_violation:1;cut_in_danger:9;vehicle_lateral_margin_violation:1;steer_delta_from_raw:10;cut_in_danger:10;steer_delta_from_raw:10;steer_delta_from_raw:10;cut_in_danger:10;cut_in_danger:10;cut_in_danger:10;steer_delta_from_raw:10;steer_delta_from_raw:10;cut_in_danger:5;steer_delta_from_raw:3;cut_in_danger:2;steer_delta_from_raw:7;cut_in_danger:5;steer_delta_from_raw:3;cut_in_danger:5;steer_delta_from_raw:3;cut_in_danger:5;steer_delta_from_raw:3;cut_in_danger:4;steer_delta_from_raw:1,0.9828431372549019
26,6000,1025,1,inactive_raw_action,False,0.0,False,0.0,False,0.0,False,0.0,raw_action,0,0.0,0,0.0,0,0.4854368932038835,0,0.2087378640776699,True,0.9757281553398058,True,1.0,True,1.0,inf,inf,0.0,0.0,0,0.0,0,0.0,0,0.0,0,0.0,0,0.0,0,0.0,0,0.0,0,0.0,0,0.0,low_risk_passthrough,0.5204677581787109,0.8091521494596907,0,0.04854368932038835,0,0.5913760940062294,0,-0.025431567175986724,,inf,0.0,0.20610349571912326,0.0,0.12802578950046348,low_risk_passthrough,True,1.0,False,0.02912621359223301,0,0.026889217710032047,0,0.01218480971253034,0,0.4367793647988329,0,0.4854368932038835,0,0.2766990291262136,,False,0.0,False,0.0,0.0,0.20610349571912326,0.0,0.12802578950046348,True,0.9757281553398058,0.0,0.12135922330097088,0.0,0.0,0.0,0.0,inf,-52.98841929133177,False,0.0,none,0.0,0.2546926493247851,False,0.0,False,0.0,0.0,0.0,0.0,0.0,inf,32.02445464495845,inf,inf,2.496645874023437,0,0.0,0,0.0,1340,1340.0,False,0.0,raw_action,0.0,-0.004948383396111646,0.0,-0.02120273813460637,206,0.0,0,49.55410957336426,0,0.0,,0.0,0.0,5.957708532794735,inf,1.7691263427734372,steer_delta_from_raw:10;cut_in_danger:2;vehicle_lateral_margin_violation:5;steer_delta_from_raw:10;steer_delta_from_raw:10;steer_delta_from_raw:10;steer_delta_from_raw:10,0.9757281553398058
27,6000,1026,1,inactive_raw_action,False,0.0,False,0.056818181818181816,False,0.0,False,0.0,raw_action,0,0.0,0,0.0,0,1.5539772727272727,0,0.3778409090909091,True,0.8238636363636364,True,0.8551136363636364,True,0.9772727272727273,inf,inf,0.0,0.0,0,0.0,0,0.0,0,0.0,0,0.0,0,0.0,0,0.0,0,0.0,0,0.0,0,0.0,low_risk_passthrough,0.0,3.7247213450345127,0,0.19318181818181818,0,1.9964786942957298,0,0.03590474449006705,,inf,16.69971289607816,0.0,0.20799175722510455,0.0,0.3092201904866847,low_risk_passthrough,True,0.9431818181818182,False,0.17897727272727273,0,0.05162710493261164,0,0.42833794247020374,0,2.7571056376804006,0,1.5539772727272727,0,1.1761363636363635,,False,0.0,False,0.0,0.0,0.4062907729522143,0.0,0.5044393343940645,True,0.9034090909090909,0.0,0.21306818181818182,0.0,0.28125,0.0,0.0,inf,-35.39281324180928,False,0.0,none,0.0,-3.4830548195986637,False,0.0,False,0.0,0.0,0.0,0.0,0.0,inf,13.872196412429204,inf,inf,1.5676437475838771,0,0.0,0,0.0,1360,1344.4545454545455,False,0.0,raw_action,0.0,-0.05082112770866264,0.0,-0.032354004342447625,352,0.0,0,147.1102237701416,0,0.0,,0.0,0.0,7.943790565433929,inf,0.2667440643310546,cut_in_danger:5;vehicle_lateral_margin_violation:2;cut_in_danger:7;vehicle_lateral_margin_violation:1;cut_in_danger:5;vehicle_lateral_margin_violation:2;cut_in_danger:6;vehicle_lateral_margin_violation:1;cut_in_danger:7;cut_in_danger:8;cut_in_danger:7;vehicle_lateral_margin_violation:2;steer_delta_from_raw:10;steer_delta_from_raw:10;cut_in_danger:10;cut_in_danger:10;cut_in_danger:6;vehicle_lateral_margin_violation:4;cut_in_danger:6;vehicle_lateral_margin_violation:4;cut_in_danger:5;vehicle_lateral_margin_violation:5;steer_delta_from_raw:10;boundary:3;boundary:3;boundary:3;boundary:3;steer_delta_from_raw:10;steer_delta_from_raw:10;steer_delta_from_raw:10;boundary_margin_for_bypass:3;cut_in_danger:2;boundary_margin_for_bypass:3;cut_in_danger:4;cut_in_danger:10;cut_in_danger:10;cut_in_danger:10;cut_in_danger:10;cut_in_danger:10;cut_in_danger:10;cut_in_danger:10;steer_delta_from_raw:10;steer_delta_from_raw:10;steer_delta_from_raw:10;steer_delta_from_raw:10;steer_delta_from_raw:10;steer_delta_from_raw:10;steer_delta_from_raw:10;steer_delta_from_raw:9;steer_delta_from_raw:10;cut_in_danger:10;no_blocker_lateral_shift:4;no_blocker_lateral_shift:3;no_blocker_lateral_shift:3;no_blocker_lateral_shift:3;no_blocker_lateral_shift:3;no_blocker_lateral_shift:3;no_blocker_lateral_shift:3;no_blocker_lateral_shift:3;no_blocker_lateral_shift:3;no_blocker_lateral_shift:3;no_blocker_lateral_shift:3;no_blocker_lateral_shift:3;no_blocker_lateral_shift:3;no_blocker_lateral_shift:3;no_blocker_lateral_shift:3;no_blocker_lateral_shift:3;no_blocker_lateral_shift:3;no_blocker_lateral_shift:3;no_blocker_lateral_shift:3,0.9034090909090909
28,6000,1027,1,inactive_raw_action,False,0.0,False,0.0,False,0.0,False,0.0,raw_action,0,0.0,0,0.0,0,0.6431095406360424,0,0.024734982332155476,True,0.950530035335689,True,0.9681978798586572,True,1.0,inf,inf,0.0,0.0,0,0.0,0,0.0,0,0.0,0,0.0,0,0.0,0,0.0,0,0.0,0,0.0,0,0.0,low_risk_passthrough,0.0,1.068438742270318,0,0.07773851590106007,0,1.0460029998122953,0,0.01071526001486206,,inf,0.0,0.12924174513020906,0.0,4.0065028745672906e-05,low_risk_passthrough,True,1.0,False,0.06007067137809187,0,0.03147125244140625,0,0.13953215663087662,0,0.5511951109545812,0,0.6431095406360424,0,0.6183745583038869,,False,0.0,False,0.0,0.0,0.12924174513020906,0.0,4.0065028745672906e-05,True,0.950530035335689,0.0,0.15901060070671377,0.0,0.13074204946996468,0.0,0.0,inf,-21.299983362376985,False,0.0,none,0.0,-0.2319318865778061,False,0.0,False,0.0,0.0,0.0,0.0,0.0,inf,12.91636961916361,inf,inf,2.851307207815676,0,0.0,0,0.0,1360,1360.0,False,0.0,raw_action,0.0,0.013080913060124266,0.0,-0.047820378529309385,283,0.0,0,36.852359771728516,0,0.0,,0.0,0.0,6.059269815547028,inf,2.1879711743131893,vehicle_lateral_margin_violation:9;steer_delta_from_raw:10;cut_in_danger:3;vehicle_lateral_margin_violation:4;cut_in_danger:10;cut_in_danger:10;cut_in_danger:10;cut_in_danger:10;cut_in_danger:10;cut_in_danger:7;steer_delta_from_raw:10;steer_delta_from_raw:8;steer_delta_from_raw:8;steer_delta_from_raw:8;steer_delta_from_raw:8;boundary:4;boundary:4;boundary:4;boundary:4;boundary:4;steer_delta_from_raw:10;steer_delta_from_raw:10;steer_delta_from_raw:10,0.950530035335689
29,6000,1028,1,inactive_raw_action,False,0.0,False,0.0,False,0.0,False,0.0,raw_action,0,0.0,0,0.0,0,0.7407407407407407,0,0.42328042328042326,True,0.9682539682539683,True,1.0,True,1.0,inf,inf,0.0,0.0,0,0.0,0,0.0,0,0.0,0,0.0,0,0.0,0,0.0,0,0.0,0,0.0,0,0.0,low_risk_passthrough,0.0,1.0593782657037967,0,0.07407407407407407,0,0.7611088584571158,0,0.021286643478600507,,inf,0.0,0.25383574263857517,0.0,0.16877013947658295,low_risk_passthrough,True,1.0,False,0.0582010582010582,0,0.018673599081695396,0,0.06121680850074405,0,0.6711558690146794,0,0.7407407407407407,0,0.31746031746031744,,False,0.0,False,0.0,0.0,0.25383574263857517,0.0,0.16877013947658295,True,0.9682539682539683,0.0,0.15873015873015872,0.0,0.0,0.0,0.0,inf,-45.73686883784042,False,0.0,none,0.0,1.0089412791682233,False,0.0,False,0.0,0.0,0.0,0.0,0.0,inf,5.259332245442945,inf,inf,2.342587083958191,0,0.0,0,0.0,1360,1360.0,False,0.0,raw_action,0.0,0.01006841817230144,0.0,-0.044368492232428655,189,0.0,0,20.189285278320312,0,0.0,,0.0,0.0,2.8487055066735087,inf,1.9407447192133702,steer_delta_from_raw:10;steer_delta_from_raw:10;steer_delta_from_raw:10;steer_delta_from_raw:10;steer_delta_from_raw:10;steer_delta_from_raw:10,0.9682539682539683
30,6000,1029,1,minimum_risk_stop,False,0.0,True,0.8606666666666667,False,0.0,False,0.0,minimum_risk_stop_vehicle_risk,0,0.0,0,0.0,0,0.16666666666666666,0,0.06,0,0.138,0,0.13933333333333334,True,1.0,inf,inf,0.0,0.0,0,0.0,0,0.0,0,0.0,0,0.0,0,0.0,0,0.0,0,0.0,0,0.0,0,0.0,vehicle_risk_before_route_build,0.0,0.3531031608581543,0,0.016666666666666666,0,0.24179194132486978,0,-0.00649709415435791,,inf,22.277775764465332,0.0,0.005833760821024574,0.0,0.055569572512308756,vehicle_risk_flag,False,0.13933333333333334,False,0.013333333333333334,0,0.00406185785929362,0,0.01374514897664388,0,0.1640919049580892,0,0.16666666666666666,0,0.10666666666666667,,False,0.0,False,0.0,0.0,0.05279124649810791,0.0,0.04951808683522542,True,0.9986666666666667,0.0,0.006666666666666667,0.0,0.0,0.0,0.0,inf,-57.084071161600725,False,0.0,none,0.0,0.036451925016508416,False,0.0,False,0.0,0.0,0.0,0.0,0.0,inf,26.35060374691708,inf,inf,2.1271863140655194,0,0.0,0,0.09333333333333334,2650,1915.13,False,0.0,raw_action,0.0,-0.0011870854298273723,0.0,-0.0029541216293970745,1500,0.0,0,53.838253021240234,0,0.0,,0.0,0.0,24.413775904072608,inf,1.8769485225677487,severe_lateral_rss:10;severe_lateral_rss:10;severe_lateral_rss:10;severe_lateral_rss:10;severe_lateral_rss:10;severe_lateral_rss:10;severe_lateral_rss:10;severe_lateral_rss:10;severe_lateral_rss:10;severe_lateral_rss:10;severe_lateral_rss:10;severe_lateral_rss:10;severe_lateral_rss:10;severe_lateral_rss:10;steer_delta_from_raw:10;steer_delta_from_raw:10,0.9986666666666667
31,6000,1030,1,inactive_raw_action,False,0.0,False,0.0,False,0.0,False,0.0,raw_action,0,0.0,0,0.0,0,0.5597014925373134,0,0.373134328358209,True,0.9776119402985075,True,0.996268656716418,True,0.996268656716418,inf,inf,0.0,0.0,0,0.0,0,0.0,0,0.0,0,0.0,0,0.0,0,0.0,0,0.0,0,0.0,0,0.0,low_risk_passthrough,0.0,2.3218758070646826,0,0.055970149253731345,0,0.5432966998020412,0,0.03965061882248293,,inf,0.0,0.18232031015898578,0.0,0.2607903977256589,low_risk_passthrough,True,1.0,False,0.033582089552238806,0,0.03428334620461535,0,0.10523244516173405,0,1.8689196501205216,0,0.5597014925373134,0,0.1865671641791045,,False,0.0,False,0.0,0.0,0.18232031015898578,0.0,0.2607903977256589,True,0.9813432835820896,0.0,0.09328358208955224,0.0,0.0,0.0,0.0,inf,-50.371808916555544,False,0.0,none,0.0,0.3005668170106005,False,0.0,False,0.0,0.0,0.0,0.0,0.0,inf,18.40115888022771,inf,inf,2.3416376491928617,0,0.0,0,0.0,2651,2651.0,False,0.0,raw_action,0.0,-0.018743160278049866,0.0,-0.019586834222523133,268,0.0,0,113.64603042602539,0,0.0,,0.0,0.0,-0.13192353185048633,inf,1.884419763896414,steer_delta_from_raw:10;steer_delta_from_raw:10;steer_delta_from_raw:10;steer_delta_from_raw:10;steer_delta_from_raw:10,0.9813432835820896
32,6000,1031,1,inactive_raw_action,False,0.0,False,0.0,False,0.0,False,0.0,raw_action,0,0.0,0,0.0,0,0.7207207207207207,0,0.2042042042042042,True,0.9579579579579579,True,0.990990990990991,True,0.990990990990991,inf,inf,0.0,0.0,0,0.0,0,0.0,0,0.0,0,0.0,0,0.0,0,0.0,0,0.0,0,0.0,0,0.0,low_risk_passthrough,0.0,2.794489846215234,0,0.07207207207207207,0,0.9445847223398858,0,0.025158383094013262,,inf,0.0,0.1284444470044171,0.0,0.2061800061910763,low_risk_passthrough,True,1.0,False,0.057057057057057055,0,0.04537184317190726,0,0.2177148251920133,0,2.149873309665256,0,0.7207207207207207,0,0.5165165165165165,,False,0.0,False,0.0,0.0,0.1284444470044171,0.0,0.2061800061910763,True,0.9669669669669669,0.0,0.16516516516516516,0.0,0.0,0.0,0.0,inf,-64.83456168129446,False,0.0,none,0.0,-0.23754968766049556,False,0.0,False,0.0,0.0,0.0,0.0,0.0,inf,13.667351895774157,inf,inf,2.4368221642902075,0,0.03003003003003003,0,0.0,2651,2651.0,False,0.0,raw_action,0.0,-0.021046921834573372,0.0,-0.021239087567315088,333,0.0,0,157.23752975463867,0,0.0,,0.0,0.0,2.1170189313054633,inf,1.1450277702073706,collision:10;cut_in_danger:6;cut_in_danger:9;cut_in_danger:9;cut_in_danger:9;cut_in_danger:7;vehicle_lateral_margin_violation:2;cut_in_danger:7;vehicle_lateral_margin_violation:3;steer_delta_from_raw:10;steer_delta_from_raw:10;steer_delta_from_raw:10;steer_delta_from_raw:10;steer_delta_from_raw:10;steer_delta_from_raw:10;steer_delta_from_raw:10;steer_delta_from_raw:10;steer_delta_from_raw:10;steer_delta_from_raw:10;steer_delta_from_raw:10,0.9669669669669669
33,6000,1032,1,inactive_raw_action,False,0.0,False,0.029304029304029304,False,0.0,False,0.0,raw_action,0,0.0,0,0.0,0,0.9523809523809523,0,0.07326007326007326,True,0.9194139194139194,True,0.9523809523809523,True,0.9926739926739927,inf,inf,0.0,0.0,0,0.0,0,0.0,0,0.0,0,0.0,0,0.0,0,0.0,0,0.0,0,0.0,0,0.0,low_risk_passthrough,0.0,0.9517067081325656,0,0.09523809523809523,0,1.3075189271265524,0,-0.0500709990397127,,inf,12.409624776305549,0.0,-0.02032267712227593,0.0,-0.013583359206441757,low_risk_passthrough,True,0.9706959706959707,False,0.07692307692307693,0,0.033938404404636704,0,0.1515442635113503,0,0.37909689403715585,0,0.9523809523809523,0,0.8791208791208791,,False,0.0,False,0.0,0.0,0.012020830212832729,0.0,0.464611711814966,True,0.9560439560439561,0.0,0.21978021978021978,0.0,0.01098901098901099,0.0,0.0,inf,-54.24363777201175,False,0.0,none,0.0,0.04795690014441768,False,0.0,False,0.0,0.0,0.0,0.0,0.0,inf,25.018737924232894,inf,inf,2.4629900905453486,0,0.02197802197802198,0,0.3663003663003663,2659,2652.802197802198,False,0.0,raw_action,0.0,0.0003663722848717546,0.0,-0.0005067610915327246,273,0.0,0,43.14422607421875,0,0.0,,0.0,0.0,24.721960218763225,inf,2.4575683652856553,severe_lateral_rss:10;severe_lateral_rss:10;steer_delta_from_raw:10;steer_delta_from_raw:10;steer_delta_from_raw:10;severe_lateral_rss:10;severe_lateral_rss:10;severe_lateral_rss:10;severe_lateral_rss:10;severe_lateral_rss:10;steer_delta_from_raw:10;severe_lateral_rss:10;steer_delta_from_raw:10;severe_lateral_rss:10;severe_lateral_rss:10;steer_delta_from_raw:10;steer_delta_from_raw:10;steer_delta_from_raw:10;cut_in_danger:10;steer_delta_from_raw:10;steer_delta_from_raw:10;steer_delta_from_raw:10;collision:6;cut_in_danger:4;steer_delta_from_raw:10,0.9560439560439561
34,6000,1033,1,inactive_raw_action,False,0.0,False,0.010948905109489052,False,0.0,False,0.0,raw_action,0,0.0,0,0.0,0,1.1313868613138687,0,0.18248175182481752,True,0.8868613138686131,True,0.9452554744525548,True,0.9562043795620438,inf,inf,0.0,0.0,0,0.0,0,0.0,0,0.0,0,0.0,0,0.0,0,0.0,0,0.0,0,0.0,0,0.0,low_risk_passthrough,1.007080078125,2.3634155301282007,0,0.11313868613138686,0,1.1325815663766692,0,-0.010751043992784415,,inf,12.191455697617029,0.0,0.1347923872438882,0.0,0.1956415151581045,low_risk_passthrough,True,0.9890510948905109,False,0.11313868613138686,0,0.082782585255421,0,0.4133638674325317,0,1.3365101640241859,0,1.1313868613138687,0,0.948905109489051,,False,0.0,False,0.0,0.0,0.3862080545298165,0.0,0.3622737042368849,True,0.9416058394160584,0.0,0.291970802919708,0.0,0.0,0.0,0.0,inf,-88.41156211596844,False,0.0,none,0.0,0.27524860569971377,False,0.0,False,0.0,0.0,0.0,0.0,0.0,inf,19.765956619863534,inf,inf,2.6358596257810927,0,0.072992700729927,0,0.06934306569343066,2662,2660.0912408759123,False,0.0,raw_action,0.0,0.021938885215425145,0.0,0.02209458016131046,274,0.0,0,80.37662506103516,0,0.0,,0.0,0.0,14.053950235303217,inf,2.229022044725266,steer_delta_from_raw:10;cut_in_danger:10;cut_in_danger:10;steer_delta_from_raw:10;cut_in_danger:10;vehicle_lateral_margin_violation:10;steer_delta_from_raw:10;steer_delta_from_raw:10;steer_delta_from_raw:10;cut_in_danger:1;severe_lateral_rss:9;severe_lateral_rss:10;steer_delta_from_raw:10;steer_delta_from_raw:10;steer_delta_from_raw:10;steer_delta_from_raw:10;steer_delta_from_raw:10;steer_delta_from_raw:10;steer_delta_from_raw:10;steer_delta_from_raw:10;steer_delta_from_raw:10;steer_delta_from_raw:10;steer_delta_from_raw:10;cut_in_danger:10;cut_in_danger:10;collision:10;collision:10,0.9416058394160584
35,6000,1034,1,inactive_raw_action,False,0.0,False,0.0,False,0.0,False,0.0,raw_action,0,0.0,0,0.0,0,0.2840909090909091,0,0.24431818181818182,True,1.0,True,1.0,True,1.0,inf,inf,0.0,0.0,0,0.0,0,0.0,0,0.0,0,0.0,0,0.0,0,0.0,0,0.0,0,0.0,0,0.0,low_risk_passthrough,0.0,1.915106719190424,0,0.028409090909090908,0,0.1984779785395009,0,-0.01102705807367748,,inf,40.5013544816677,0.0,0.07646402095331735,0.0,0.13347062994821918,low_risk_passthrough,True,1.0,False,0.011363636363636364,0,0.01439181241122159,0,0.057843598452481354,0,1.4910210262645374,0,0.2840909090909091,0,0.03977272727272727,,False,0.0,False,0.0,0.0,0.056456095992645824,0.0,0.14199594226607323,True,1.0,0.0,0.0,0.0,0.0,0.0,0.0,inf,-49.08216233571695,False,0.0,none,0.0,-0.2559984914346675,False,0.0,False,0.0,0.0,0.0,0.0,0.0,inf,6.130598285793146,inf,inf,2.2066009627279928,0,0.005681818181818182,0,0.005681818181818182,2662,2662.0,False,0.0,raw_action,0.0,-0.009714101525870237,0.0,-0.009395821528001265,176,0.0,0,70.39880752563477,0,0.0,,0.0,0.0,0.3291236847623309,inf,1.2012063353170293,steer_delta_from_raw:2;vehicle_lateral_margin_violation:3;collision:1;severe_lateral_rss:1,1.0
36,6000,1035,1,inactive_raw_action,False,0.0,False,0.006472491909385114,False,0.0,False,0.0,raw_action,0,0.0,0,0.0,0,0.7313915857605178,0,0.05825242718446602,True,0.8996763754045307,True,0.919093851132686,True,0.9352750809061489,inf,inf,0.0,0.0,0,0.0,0,0.0,0,0.0,0,0.0,0,0.0,0,0.0,0,0.0,0,0.0,0,0.0,low_risk_passthrough,0.0,1.632991346340735,0,0.0744336569579288,0,1.1001100144599365,0,0.02075168001839219,,inf,20.73512411539586,0.0,0.017381651131128294,0.0,0.23543997023774557,low_risk_passthrough,True,0.9935275080906149,False,0.11003236245954692,0,0.042633717114099794,0,0.33236398666036165,0,0.8771967347771604,0,0.7313915857605178,0,0.6731391585760518,,False,0.0,False,0.0,0.0,0.09497152309273477,0.0,0.32137086403199233,True,0.970873786407767,0.0,0.12944983818770225,0.0,0.022653721682847898,0.0,0.0,inf,-65.20232180822322,False,0.0,none,0.0,-1.8758859958648535,False,0.0,False,0.0,0.0,0.0,0.0,0.0,inf,7.952143723019027,inf,inf,2.442816906199021,0,0.009708737864077669,0,0.0,2664,2662.57928802589,False,0.0,raw_action,0.0,-0.015464611423825755,0.0,-0.011028968400553977,309,0.0,0,52.8721809387207,0,0.0,,0.0,0.0,-1.8761941601575036,inf,0.21537055612444878,boundary:8;cut_in_danger:2;steer_delta_from_raw:8;cut_in_danger:7;cut_in_danger:9;cut_in_danger:9;cut_in_danger:9;cut_in_danger:10;cut_in_danger:10;cut_in_danger:10;cut_in_danger:10;cut_in_danger:10;cut_in_danger:9;vehicle_lateral_margin_violation:1;collision:3;vehicle_lateral_margin_violation:7;vehicle_lateral_margin_violation:10;steer_delta_from_raw:10;steer_delta_from_raw:10;steer_delta_from_raw:10;steer_delta_from_raw:10;steer_delta_from_raw:10;boundary:3;vehicle_lateral_margin_violation:3;steer_delta_from_raw:10;steer_delta_from_raw:10,0.970873786407767
37,6000,1036,1,inactive_raw_action,False,0.0,False,0.0,False,0.0,False,0.0,raw_action,0,0.0,0,0.0,10,0.514018691588785,10,0.32710280373831774,True,0.9766355140186916,True,0.9953271028037384,True,0.9953271028037384,inf,inf,0.0,0.0,0,0.0,0,0.0,0,0.0,0,0.0,0,0.0,0,0.0,0,0.0,0,0.0,0,0.0,raw_action_safe,17.764568328857422,2.1007540070007895,True,0.0514018691588785,22.21429443359375,0.7561148705883561,-0.9632949829101562,0.015970087497033804,,inf,4.6872949829101564,0.1916703962405067,2.7607050170898435,0.20096284904378867,raw_action_brake,True,1.0,True,0.037383177570093455,0.0,0.02133512051306038,0.0,0.05323307536472784,15.24043083190918,1.6217209468378084,10,0.514018691588785,0,0.18691588785046728,,False,0.0,False,0.0,4.6872949829101564,0.1916703962405067,2.7607050170898435,0.20096284904378867,True,0.9813084112149533,0.0,0.09345794392523364,0.0,0.0,0.0,0.0,-48.83196240008445,-64.05619832526988,False,0.0,raw_action_safe,29.6479565124299,0.3446808978174029,False,0.0,False,0.0,0.0,0.0,0.0,0.0,18.295074203183468,10.307459292140075,inf,2.4107050170898434,2.136407121121412,0,0.0,0,0.0,2664,2664.0,False,0.0,raw_action,0.08752822875976562,-0.007835987572358033,-0.6778035759925842,-0.020084630384623447,214,0.0,0,138.51356506347656,0,0.0,,0.0,0.0,-0.09678400466712578,inf,1.953109191894531,steer_delta_from_raw:10;steer_delta_from_raw:10;steer_delta_from_raw:10;steer_delta_from_raw:10,0.9813084112149533
38,6000,1037,1,inactive_raw_action,False,0.0,False,0.0,False,0.0,False,0.0,raw_action,0,0.0,0,0.0,0,0.753968253968254,0,0.25396825396825395,True,0.8968253968253969,True,0.9285714285714286,True,0.9285714285714286,inf,inf,0.0,0.0,0,0.0,0,0.0,0,0.0,0,0.0,0,0.0,0,0.0,0,0.0,0,0.0,0,0.0,low_risk_passthrough,0.0,1.7068376616826133,0,0.07539682539682539,0,0.9103319482003501,0,-0.013220053338221318,,inf,19.011306299382113,0.0,0.3891145797616557,0.0,0.3568612117573419,low_risk_passthrough,True,1.0,False,0.11507936507936507,0,0.04776318868001302,0,0.21498260043916248,0,1.078014335935078,0,0.753968253968254,0,0.5,,False,0.0,False,0.0,0.0,0.3900360696212828,0.0,0.36535864164226783,True,0.9682539682539683,0.0,0.15873015873015872,0.0,0.0,0.0,0.0,inf,-69.27735764186264,False,0.0,none,0.0,0.6853047752510049,False,0.0,False,0.0,0.0,0.0,0.0,0.0,inf,26.27550899234714,inf,inf,2.886253767065031,0,0.027777777777777776,0,0.007936507936507936,2664,2664.0,False,0.0,raw_action,0.0,-0.007254398058331202,0.0,-0.01697647287732079,252,0.0,0,51.737070083618164,0,0.0,,0.0,0.0,-1.6089998252821518,inf,2.6162790272368324,collision:4;cut_in_danger:1;severe_lateral_rss:1;vehicle_lateral_margin_violation:2;collision:3;cut_in_danger:1;severe_lateral_rss:1;vehicle_lateral_margin_violation:3;vehicle_lateral_margin_violation:10;steer_delta_from_raw:10;steer_delta_from_raw:10;steer_delta_from_raw:10;cut_in_danger:5;vehicle_lateral_margin_violation:5;steer_delta_from_raw:10;steer_delta_from_raw:10;vehicle_lateral_margin_violation:10;steer_delta_from_raw:10;steer_delta_from_raw:10;steer_delta_from_raw:10,0.9682539682539683
39,6000,1038,1,inactive_raw_action,False,0.0,False,0.0,False,0.0,False,0.0,raw_action,0,0.0,0,0.0,0,0.6334841628959276,0,0.18099547511312217,True,0.9592760180995475,True,0.9728506787330317,True,1.0,inf,inf,0.0,0.0,0,0.0,0,0.0,0,0.0,0,0.0,0,0.0,0,0.0,0,0.0,0,0.0,0,0.0,low_risk_passthrough,0.0,1.9681949960699987,0,0.07239819004524888,0,0.7807089524591758,0,0.04008361175184667,,inf,0.0,0.08995815858407545,0.0,0.11693725224903151,low_risk_passthrough,True,1.0,False,0.049773755656108594,0,0.034436920649325686,0,0.12590227083922512,0,1.4255402854125425,0,0.6334841628959276,0,0.45248868778280543,,False,0.0,False,0.0,0.0,0.08995815858407545,0.0,0.11693725224903151,True,0.9592760180995475,0.0,0.20361990950226244,0.0,0.058823529411764705,0.0,0.0,inf,-42.20785594300791,False,0.0,none,0.0,0.24014652075503745,False,0.0,False,0.0,0.0,0.0,0.0,0.0,inf,9.83785451184352,inf,inf,2.769887237586171,0,0.0,0,0.0,2664,2664.0,False,0.0,raw_action,0.0,-0.03366985795724446,0.0,-0.034068439341238724,221,0.0,0,89.81823921203613,0,0.0,,0.0,0.0,5.3599445757628885,inf,2.585557728545345,cut_in_danger:10;cut_in_danger:10;cut_in_danger:10;steer_delta_from_raw:10;steer_delta_from_raw:10;steer_delta_from_raw:10;steer_delta_from_raw:10;steer_delta_from_raw:10;steer_delta_from_raw:8;steer_delta_from_raw:4;no_blocker_lateral_shift:4;no_blocker_lateral_shift:4,0.9592760180995475
40,6000,1039,1,inactive_raw_action,False,0.0,False,0.0,False,0.0,False,0.0,raw_action,0,0.0,0,0.0,10,0.7377049180327869,10,0.4672131147540984,True,0.9877049180327869,True,0.9959016393442623,True,0.9959016393442623,inf,inf,0.0,0.0,0,0.0,0,0.0,0,0.0,0,0.0,0,0.0,0,0.0,0,0.0,0,0.0,0,0.0,raw_action_safe,37.42694854736328,3.0183059270264674,True,0.07377049180327869,17.843013184198647,0.9013042696822203,-0.5942560688798105,-0.05216449265536127,,inf,4.318256068879815,0.13951987029204216,3.1297439311201694,0.2600682825536274,raw_action_brake,True,1.0,True,0.04918032786885246,0.0,0.03912116660446417,1.7802715301513672,0.10937159178686924,35.0954532623291,2.4985504932090885,10,0.7377049180327869,0,0.27049180327868855,,False,0.0,False,0.0,4.318256068879815,0.13951987029204216,3.1297439311201694,0.2600682825536274,True,0.9918032786885246,0.0,0.040983606557377046,0.0,0.0,0.0,0.0,-35.526711180431725,-51.85295803896399,False,0.0,raw_action_safe,19.833422645485633,-0.026195505479116855,False,0.0,False,0.0,0.0,0.0,0.0,0.0,5.112682460137474,9.77386070547686,inf,2.7797439311201697,2.327014717258036,0,0.0,0,0.0,2664,2664.0,False,0.0,raw_action,-0.12904435396194458,-0.00968933569603279,-0.4709087014198303,-0.03029899787707407,244,0.0,0,63.584089279174805,0,0.0,,0.0,0.0,-1.6391320307309645,inf,1.7271569345502993,cut_in_danger:9;steer_delta_from_raw:10;cut_in_danger:9;cut_in_danger:3;vehicle_lateral_margin_violation:6;cut_in_danger:2;vehicle_lateral_margin_violation:7;vehicle_lateral_margin_violation:6;vehicle_lateral_margin_violation:4;steer_delta_from_raw:10,0.9918032786885246
41,6000,1040,1,inactive_raw_action,False,0.0,False,0.0064516129032258064,False,0.0064516129032258064,False,0.0,raw_action,0,0.0,0,0.0,0,0.6838709677419355,0,0.5290322580645161,True,0.9741935483870968,True,0.9612903225806452,True,1.0,inf,inf,0.0,0.0,0,0.0,0,0.0,0,0.0,0,0.0,0,0.0,0,0.0,0,0.0,0,0.0,0,0.0,low_risk_passthrough,1.0967254638671875,3.8833802746188257,0,0.07741935483870968,0,0.7549137411165874,0,-0.012358852097135975,,inf,0.0,0.14236260173292645,0.0,0.43080649469044807,low_risk_passthrough,True,1.0,False,0.05806451612903226,0,0.02507394359957787,0,0.08611986714024697,0,3.363052491218813,0,0.6838709677419355,0,0.15483870967741936,,False,0.0,False,0.0,0.0,0.14236260173292645,0.0,0.43080649469044807,True,0.9741935483870968,0.0,0.12903225806451613,0.0,0.07096774193548387,0.0,0.0,inf,-31.963560018747046,False,0.0,none,0.0,0.7311849082228321,False,0.0,False,0.0,0.0,0.0,0.0,0.0,inf,14.191795288560018,inf,inf,1.740932020852588,0,0.0,0,0.0,2665,2664.0709677419354,False,0.0,raw_action,0.0,-0.047923916386019796,0.0,-0.03571216098723873,155,0.0,0,86.72547340393066,1,0.0064516129032258064,exception,0.0,0.0,13.789662877326148,inf,0.4133229245415301,steer_delta_from_raw:5;boundary:3;steer_delta_from_raw:8;steer_delta_from_raw:4;no_blocker_lateral_shift:4,0.9741935483870968
42,6000,1041,1,inactive_raw_action,False,0.0,False,0.0,False,0.0,False,0.0,raw_action,0,0.0,0,0.0,0,1.0114068441064639,0,0.34980988593155893,True,0.9467680608365019,True,0.9771863117870723,True,1.0,inf,inf,0.0,0.0,0,0.0,0,0.0,0,0.0,0,0.0,0,0.0,0,0.0,0,0.0,0,0.0,0,0.0,low_risk_passthrough,0.7429122924804688,3.6395176281947146,0,0.10646387832699619,0,0.9282089647560963,0,-0.022024165302949424,,inf,0.0,0.07857076359756604,0.0,0.47704523270293786,low_risk_passthrough,True,1.0,False,0.07224334600760456,0,0.04884317347305356,0,0.12718316720012476,0,3.0517541863619146,0,1.0114068441064639,0,0.6615969581749049,,False,0.0,False,0.0,0.0,0.07857076359756604,0.0,0.47704523270293786,True,0.9467680608365019,0.0,0.2661596958174905,0.0,0.045627376425855515,0.0,0.0,inf,-40.466647903218906,False,0.0,none,0.0,-0.19606002762365432,False,0.0,False,0.0,0.0,0.0,0.0,0.0,inf,10.954863593452869,inf,inf,2.310960946886179,0,0.0,0,0.0,2665,2665.0,False,0.0,raw_action,0.0,-0.06476609969773674,0.0,-0.04497367528908153,263,0.0,0,96.1458683013916,0,0.0,,0.0,0.0,2.313843881899253,inf,0.298150358618412,steer_delta_from_raw:10;cut_in_danger:6;cut_in_danger:9;steer_delta_from_raw:10;cut_in_danger:9;cut_in_danger:10;cut_in_danger:10;steer_delta_from_raw:10;steer_delta_from_raw:10;steer_delta_from_raw:10;steer_delta_from_raw:10;steer_delta_from_raw:10;steer_delta_from_raw:10;steer_delta_from_raw:10;boundary:4;steer_delta_from_raw:8;steer_delta_from_raw:4;no_blocker_lateral_shift:4;steer_delta_from_raw:10;steer_delta_from_raw:10,0.9467680608365019
43,6000,1042,1,inactive_raw_action,False,0.0,False,0.10847457627118644,False,0.003389830508474576,False,0.0,raw_action,0,0.0,0,0.0,0,0.5627118644067797,0,0.10508474576271186,True,0.8135593220338984,True,0.8271186440677966,True,0.9661016949152542,inf,inf,0.0,0.0,0,0.0,0,0.0,0,0.0,0,0.0,0,0.0,0,0.0,0,0.0,0,0.0,0,0.0,low_risk_passthrough,0.0,1.0042117813886222,0,0.061016949152542375,0,0.623045164659191,0,-0.06215587232922484,,inf,14.453054774751362,0.0,0.045160392250880275,0.0,0.10994081550645514,low_risk_passthrough,True,0.8949152542372881,False,0.0711864406779661,0,0.03332849276267876,0,0.143199855998411,0,0.47460976293531515,0,0.5627118644067797,0,0.4576271186440678,,False,0.0,False,0.0,0.0,0.24271703452711194,0.0,0.11054513969604214,True,0.9525423728813559,0.0,0.0847457627118644,0.0,0.15593220338983052,0.0,0.0,inf,-45.60968935932427,False,0.0,none,0.0,0.06252411406946792,False,0.0,False,0.0,0.0,0.0,0.0,0.0,inf,14.681040025279506,inf,inf,1.5922919117473353,0,0.006779661016949152,0,0.0,2697,2668.8949152542373,False,0.0,raw_action,0.0,-0.009310380887177032,0.0,0.005518310959056272,295,0.0,0,41.02826118469238,1,0.003389830508474576,exception,0.0,0.0,0.9327998227437586,inf,0.48863118132389227,steer_delta_from_raw:10;boundary:10;boundary:10;boundary:10;boundary:10;boundary:10;steer_delta_from_raw:10;cut_in_danger:10;steer_delta_from_raw:10;steer_delta_from_raw:10;boundary:10;collision:2;cut_in_danger:2;cut_in_danger:3;boundary:2;cut_in_danger:6;steer_delta_from_raw:10,0.9525423728813559
44,6000,1043,1,inactive_raw_action,False,0.0,False,0.0,False,0.0,False,0.0,raw_action,0,0.0,0,0.0,10,0.8913649025069638,10,0.1532033426183844,True,0.9303621169916435,True,0.9665738161559888,True,0.9805013927576601,inf,inf,0.0,0.0,0,0.0,0,0.0,0,0.0,0,0.0,0,0.0,0,0.0,0,0.0,0,0.0,0,0.0,raw_action_safe,38.89751434326172,1.8468022678555884,True,0.08913649025069638,11.385530851779954,1.084715711303253,-0.9555378949668364,-0.03193339694369308,,inf,16.98155617262045,4.67953789496683,0.19042213207895786,2.7684621050331573,0.37546057132700167,raw_action_brake,True,1.0,True,0.0807799442896936,0.0,0.03910330344707521,0.0,0.19794918368453768,36.64708137512207,1.2136169794874272,10,0.8913649025069638,0,0.7381615598885793,,False,0.0,False,0.0,4.67953789496683,0.213657033180312,2.7684621050331573,0.37445640205766295,True,0.9498607242339833,0.0,0.25069637883008355,0.0,0.013927576601671309,0.0,0.0,-45.83867484134144,-64.07392274924638,False,0.0,raw_action_safe,7.708691700651272,-0.5023974145715661,False,0.0,False,0.0,0.0,0.0,0.0,0.0,45.306475720507194,23.086858049213237,inf,2.4184621050331563,1.921754605212633,0,0.013927576601671309,0,0.002785515320334262,2697,2697.0,False,0.0,raw_action,-0.029926002025604248,-0.013158930709435083,-0.22086858749389648,-0.007501810041974846,359,0.0,0,60.50562858581543,0,0.0,,0.0,0.0,-1.5252624155437746,inf,0.7028663968158387,steer_delta_from_raw:10;steer_delta_from_raw:10;steer_delta_from_raw:10;cut_in_danger:10;steer_delta_from_raw:10;vehicle_lateral_margin_violation:6;collision:5;severe_lateral_rss:1;vehicle_lateral_margin_violation:4;steer_delta_from_raw:10;steer_delta_from_raw:10;steer_delta_from_raw:10;steer_delta_from_raw:10;vehicle_lateral_margin_violation:7;steer_delta_from_raw:10;steer_delta_from_raw:10;cut_in_danger:9;cut_in_danger:9;cut_in_danger:9;cut_in_danger:9;cut_in_danger:5;vehicle_lateral_margin_violation:1;steer_delta_from_raw:10;steer_delta_from_raw:10;cut_in_danger:10;steer_delta_from_raw:10;steer_delta_from_raw:10;steer_delta_from_raw:10;steer_delta_from_raw:10;steer_delta_from_raw:10;steer_delta_from_raw:10,0.9498607242339833
45,6000,1044,1,minimum_risk_stop,False,0.0,True,0.938,False,0.0,False,0.0,minimum_risk_stop_vehicle_risk,0,0.0,0,0.0,0,0.006666666666666667,0,0.0,0,0.06133333333333333,0,0.062,True,1.0,inf,inf,0.0,0.0,0,0.0,0,0.0,0,0.0,0,0.0,0,0.0,0,0.0,0,0.0,0,0.0,0,0.0,vehicle_risk_before_route_build,0.0,0.1724405288696289,0,0.0006666666666666666,0,0.005333333333333336,0,0.0010631758139840694,,inf,0.0,0.0014194908526825923,0.0,0.003545842480650731,vehicle_risk_flag,False,0.062,False,0.0,0,0.0010132789611816406,0,0.001343091328938802,0,0.0,0,0.006666666666666667,0,0.006666666666666667,,False,0.0,False,0.0,0.0,0.0014194908526825923,0.0,0.003545842480650731,True,0.9993333333333333,0.0,0.0033333333333333335,0.0,0.0,0.0,0.0,inf,-58.74535195329077,False,0.0,none,0.0,0.0,False,0.0,False,0.0,0.0,0.0,0.0,0.0,inf,inf,inf,0,0.0,0,0.0,4103,3356.414,False,0.0,raw_action,0.0,-0.00038459583123524985,0.0,-0.0002577234903971354,1500,0.0,0,3.534555435180664,0,0.0,,0.0,0.0,inf,inf,inf,steer_delta_from_raw:10,0.9993333333333333
46,6000,1045,1,inactive_raw_action,False,0.0,False,0.0,False,0.0,False,0.0,raw_action,0,0.0,0,0.0,0,1.0263929618768328,0,0.20234604105571846,True,0.9120234604105572,True,0.9794721407624634,True,0.9794721407624634,inf,inf,0.0,0.0,0,0.0,0,0.0,0,0.0,0,0.0,0,0.0,0,0.0,0,0.0,0,0.0,0,0.0,low_risk_passthrough,1.0082721710205078,2.474741502241655,0,0.10263929618768329,0,0.9944746762021605,0,-0.05898504722374165,,inf,5.283003526168327,0.0,0.24584565337837155,0.0,0.16437600471010066,low_risk_passthrough,True,1.0,False,0.09090909090909091,0,0.0420441725386902,0,0.3018595955588601,0,1.689735395817463,0,1.0263929618768328,0,0.8240469208211144,,False,0.0,False,0.0,0.0,0.2840615371105988,0.0,0.15281195065244976,True,0.9325513196480938,0.0,0.33724340175953077,0.0,0.0,0.0,0.0,inf,-48.06218534602548,False,0.0,none,0.0,0.05430566900815804,False,0.0,False,0.0,0.0,0.0,0.0,0.0,inf,0.28480764183835977,inf,inf,2.855184576286022,0,0.02932551319648094,0,0.0,4104,4104.0,False,0.0,raw_action,0.0,-0.0019550702788613057,0.0,-0.019843300241878654,341,0.0,0,111.16909980773926,0,0.0,,0.0,0.0,-1.397508933315894,inf,2.2872597986267684,steer_delta_from_raw:10;cut_in_danger:10;cut_in_danger:10;cut_in_danger:10;cut_in_danger:10;collision:9;vehicle_lateral_margin_violation:1;steer_delta_from_raw:10;collision:1;steer_delta_from_raw:10;steer_delta_from_raw:10;steer_delta_from_raw:10;steer_delta_from_raw:10;steer_delta_from_raw:10;steer_delta_from_raw:10;steer_delta_from_raw:10;steer_delta_from_raw:10;steer_delta_from_raw:10;steer_delta_from_raw:10;steer_delta_from_raw:10;steer_delta_from_raw:10;steer_delta_from_raw:10;steer_delta_from_raw:10;steer_delta_from_raw:10;steer_delta_from_raw:10;steer_delta_from_raw:10;steer_delta_from_raw:10;steer_delta_from_raw:10;steer_delta_from_raw:10;steer_delta_from_raw:10,0.9325513196480938
47,6000,1046,1,inactive_raw_action,False,0.0,False,0.0,False,0.0,False,0.0,raw_action,0,0.0,0,0.0,0,0.6441717791411042,0,0.18098159509202455,True,0.9171779141104295,True,0.9141104294478528,True,0.9447852760736196,inf,inf,0.0,0.0,0,0.0,0,0.0,0,0.0,0,0.0,0,0.0,0,0.0,0,0.0,0,0.0,0,0.0,low_risk_passthrough,0.0,1.777804702337534,0,0.06441717791411043,0,0.7107321332800323,0,-0.03407390886465423,,inf,41.712032275134334,0.0,0.1887904711338276,0.0,0.10901661068874847,low_risk_passthrough,True,1.0,False,0.09815950920245399,0,0.040689129039553774,0,0.35027272862159403,0,0.8811475309126217,0,0.6441717791411042,0,0.46319018404907975,,False,0.0,False,0.0,0.0,0.28801602152466876,0.0,0.1641362504158174,True,0.9723926380368099,0.0,0.12269938650306748,0.0,0.04294478527607362,0.0,0.0,inf,-67.3630949643645,False,0.0,none,0.0,-3.055782503319252,False,0.0,False,0.0,0.0,0.0,0.0,0.0,inf,12.832615048312944,inf,inf,1.1996159913859468,0,0.0,0,0.0,4104,4104.0,False,0.0,raw_action,0.0,-0.01046200709108926,0.0,-0.01197115574146341,326,0.0,0,65.54889678955078,0,0.0,,0.0,0.0,-0.620685119750866,inf,0.18819169178604733,cut_in_danger:6;cut_in_danger:6;steer_delta_from_raw:10;cut_in_danger:4;vehicle_lateral_margin_violation:1;cut_in_danger:2;vehicle_lateral_margin_violation:1;cut_in_danger:3;vehicle_lateral_margin_violation:2;cut_in_danger:3;vehicle_lateral_margin_violation:2;steer_delta_from_raw:10;boundary:3;cut_in_danger:2;vehicle_lateral_margin_violation:5;boundary:3;boundary_margin_for_bypass:3;cut_in_danger:1;boundary_margin_for_bypass:6;cut_in_danger:1;boundary:4;boundary_margin_for_bypass:6;steer_delta_from_raw:10;steer_delta_from_raw:10;steer_delta_from_raw:10;steer_delta_from_raw:10;steer_delta_from_raw:10;boundary_margin_for_bypass:6;cut_in_danger:1;steer_delta_from_raw:10,0.9723926380368099
48,6000,1047,1,inactive_raw_action,False,0.0,False,0.0,False,0.0,False,0.0,raw_action,0,0.0,0,0.0,0,0.4,0,0.11,True,0.91,True,0.92,True,0.925,inf,inf,0.0,0.0,0,0.0,0,0.0,0,0.0,0,0.0,0,0.0,0,0.0,0,0.0,0,0.0,0,0.0,low_risk_passthrough,0.9908676147460938,1.3042402267456055,0,0.04,0,0.44736950361663685,0,0.022775933964159053,,inf,30.162292372654335,0.0,0.2766219236141499,0.0,0.13647810142828976,low_risk_passthrough,True,1.0,False,0.085,0,0.04762530326843262,0,0.16373395919799805,0,0.7789695262908936,0,0.4,0,0.29,,False,0.0,False,0.0,0.0,0.2721129661408968,0.0,0.21157887113214927,True,0.985,0.0,0.075,0.0,0.005,0.0,0.0,inf,-59.92180835888627,False,0.0,none,0.0,-1.3431416010193697,False,0.0,False,0.0,0.0,0.0,0.0,0.0,inf,4.236946448328996,inf,inf,2.9000744870832764,0,0.0,0,0.0,4104,4104.0,False,0.0,raw_action,0.0,-0.004671018421649933,0.0,-0.009432327151298523,200,0.0,0,50.140380859375,0,0.0,,0.0,0.0,2.4366413847861836,inf,2.7986687691677568,cut_in_danger:4;cut_in_danger:4;cut_in_danger:4;steer_delta_from_raw:10;cut_in_danger:6;steer_delta_from_raw:10;cut_in_danger:10;steer_delta_from_raw:10,0.985
49,6000,1048,1,inactive_raw_action,False,0.0,False,0.008021390374331552,False,0.0,False,0.0,raw_action,0,0.0,0,0.0,0,1.0133689839572193,0,0.3582887700534759,True,0.9572192513368984,True,0.9866310160427807,True,0.9973262032085561,inf,inf,0.0,0.0,0,0.0,0,0.0,0,0.0,0,0.0,0,0.0,0,0.0,0,0.0,0,0.0,0,0.0,low_risk_passthrough,1.0151863098144531,3.5663059051024084,0,0.10160427807486631,0,1.0930496265818233,0,-0.02884476446131223,,inf,15.355478948139357,0.0,0.054559301180176864,0.0,0.346355578143165,low_risk_passthrough,True,0.9919786096256684,False,0.07754010695187166,0,0.03555114256506935,0,0.22028474246754365,0,2.867145334335572,0,1.0133689839572193,0,0.6550802139037433,,False,0.0,False,0.0,0.0,0.1918408965798714,0.0,0.33836734495474263,True,0.9679144385026738,0.0,0.16042780748663102,0.0,0.00267379679144385,0.0,0.0,inf,-56.33987771818605,False,0.0,none,0.0,0.3576621985537256,False,0.0,False,0.0,0.0,0.0,0.0,0.0,inf,23.81392334463365,inf,inf,2.4304170600640953,0,0.0,0,0.0,4107,4105.633689839572,False,0.0,raw_action,0.0,-0.03607241881084952,0.0,-0.014144258703140015,374,0.0,0,132.76100158691406,0,0.0,,0.0,0.0,16.902354419367434,inf,0.6106957459947157,steer_delta_from_raw:10;steer_delta_from_raw:10;steer_delta_from_raw:10;steer_delta_from_raw:10;steer_delta_from_raw:10;steer_delta_from_raw:9;steer_delta_from_raw:10;cut_in_danger:10;cut_in_danger:10;cut_in_danger:10;cut_in_danger:10;cut_in_danger:10;steer_delta_from_raw:10;cut_in_danger:10;cut_in_danger:10;cut_in_danger:10;cut_in_danger:10;cut_in_danger:10;steer_delta_from_raw:10;steer_delta_from_raw:10;steer_delta_from_raw:10;steer_delta_from_raw:10;cut_in_danger:1;vehicle_lateral_margin_violation:8;cut_in_danger:3;vehicle_lateral_margin_violation:1;cut_in_danger:4;cut_in_danger:4;cut_in_danger:4;cut_in_danger:1,0.9679144385026738
50,6000,1049,1,inactive_raw_action,False,0.0,False,0.0,False,0.0,False,0.0,raw_action,0,0.0,0,0.0,10,0.873015873015873,10,0.5555555555555556,True,0.9603174603174603,True,0.9880952380952381,True,0.9880952380952381,inf,inf,0.0,0.0,0,0.0,0,0.0,0,0.0,0,0.0,0,0.0,0,0.0,0,0.0,0,0.0,0,0.0,raw_action_safe,26.908397674560547,3.837851304856558,True,0.0873015873015873,13.660320930566497,1.096016387890484,-1.0982841193952404,-0.10838351943147816,,inf,18.813936765414752,4.8222841193952295,0.3723917890473432,2.625715880604749,0.21900907048295742,raw_action_brake,True,1.0,True,0.06746031746031746,0.0,0.04251324941241552,1.0182857513427734,0.10496377944946289,24.883508682250977,3.2553493030487544,10,0.873015873015873,0,0.31746031746031744,,False,0.0,False,0.0,4.8222841193952295,0.4307154237777011,2.625715880604749,0.21464132325793875,True,0.9722222222222222,0.0,0.1388888888888889,0.0,0.0,0.0,0.0,-46.68834859351082,-59.16062296666993,False,0.0,raw_action_safe,8.03306557601686,0.6580703346840049,False,0.0,False,0.0,0.0,0.0,0.0,0.0,51.450180828841205,28.142857186345452,inf,2.2757158806047486,2.035519891663506,0,0.0,0,0.0,4107,4107.0,False,0.0,raw_action,0.023586511611938477,-0.020246738006198216,-0.23060745000839233,-0.03379586480912708,252,0.0,0,102.46872901916504,0,0.0,,0.0,0.0,17.827968401535855,inf,1.7413951558247303,cut_in_danger:10;steer_delta_from_raw:10;steer_delta_from_raw:10;steer_delta_from_raw:10;steer_delta_from_raw:10;steer_delta_from_raw:10;steer_delta_from_raw:10;steer_delta_from_raw:10,0.9722222222222222
